1,PENELOPE GUINESS
23,PENELOPE GUINESS
25,PENELOPE GUINESS
106,PENELOPE GUINESS
140,PENELOPE GUINESS
166,PENELOPE GUINESS
277,PENELOPE GUINESS
361,PENELOPE GUINESS
438,PENELOPE GUINESS
499,PENELOPE GUINESS
506,PENELOPE GUINESS
509,PENELOPE GUINESS
605,PENELOPE GUINESS
635,PENELOPE GUINESS
749,PENELOPE GUINESS
832,PENELOPE GUINESS
939,PENELOPE GUINESS
970,PENELOPE GUINESS
980,PENELOPE GUINESS
3,NICK WAHLBERG
31,NICK WAHLBERG
47,NICK WAHLBERG
105,NICK WAHLBERG
132,NICK WAHLBERG
145,NICK WAHLBERG
226,NICK WAHLBERG
249,NICK WAHLBERG
314,NICK WAHLBERG
321,NICK WAHLBERG
357,NICK WAHLBERG
369,NICK WAHLBERG
399,NICK WAHLBERG
458,NICK WAHLBERG
481,NICK WAHLBERG
485,NICK WAHLBERG
518,NICK WAHLBERG
540,NICK WAHLBERG
550,NICK WAHLBERG
555,NICK WAHLBERG
561,NICK WAHLBERG
742,NICK WAHLBERG
754,NICK WAHLBERG
811,NICK WAHLBERG
958,NICK WAHLBERG
17,ED CHASE
40,ED CHASE
42,ED CHASE
87,ED CHASE
111,ED CHASE
185,ED CHASE
289,ED CHASE
329,ED CHASE
336,ED CHASE
341,ED CHASE
393,ED CHASE
441,ED CHASE
453,ED CHASE
480,ED CHASE
539,ED CHASE
618,ED CHASE
685,ED CHASE
827,ED CHASE
966,ED CHASE
967,ED CHASE
971,ED CHASE
996,ED CHASE
23,JENNIFER DAVIS
25,JENNIFER DAVIS
56,JENNIFER DAVIS
62,JENNIFER DAVIS
79,JENNIFER DAVIS
87,JENNIFER DAVIS
355,JENNIFER DAVIS
379,JENNIFER DAVIS
398,JENNIFER DAVIS
463,JENNIFER DAVIS
490,JENNIFER DAVIS
616,JENNIFER DAVIS
635,JENNIFER DAVIS
691,JENNIFER DAVIS
712,JENNIFER DAVIS
714,JENNIFER DAVIS
721,JENNIFER DAVIS
798,JENNIFER DAVIS
832,JENNIFER DAVIS
858,JENNIFER DAVIS
909,JENNIFER DAVIS
924,JENNIFER DAVIS
19,JOHNNY LOLLOBRIGIDA
54,JOHNNY LOLLOBRIGIDA
85,JOHNNY LOLLOBRIGIDA
146,JOHNNY LOLLOBRIGIDA
171,JOHNNY LOLLOBRIGIDA
172,JOHNNY LOLLOBRIGIDA
202,JOHNNY LOLLOBRIGIDA
203,JOHNNY LOLLOBRIGIDA
286,JOHNNY LOLLOBRIGIDA
288,JOHNNY LOLLOBRIGIDA
316,JOHNNY LOLLOBRIGIDA
340,JOHNNY LOLLOBRIGIDA
369,JOHNNY LOLLOBRIGIDA
375,JOHNNY LOLLOBRIGIDA
383,JOHNNY LOLLOBRIGIDA
392,JOHNNY LOLLOBRIGIDA
411,JOHNNY LOLLOBRIGIDA
503,JOHNNY LOLLOBRIGIDA
535,JOHNNY LOLLOBRIGIDA
571,JOHNNY LOLLOBRIGIDA
650,JOHNNY LOLLOBRIGIDA
665,JOHNNY LOLLOBRIGIDA
687,JOHNNY LOLLOBRIGIDA
730,JOHNNY LOLLOBRIGIDA
732,JOHNNY LOLLOBRIGIDA
811,JOHNNY LOLLOBRIGIDA
817,JOHNNY LOLLOBRIGIDA
841,JOHNNY LOLLOBRIGIDA
865,JOHNNY LOLLOBRIGIDA
29,BETTE NICHOLSON
53,BETTE NICHOLSON
60,BETTE NICHOLSON
70,BETTE NICHOLSON
112,BETTE NICHOLSON
164,BETTE NICHOLSON
165,BETTE NICHOLSON
193,BETTE NICHOLSON
256,BETTE NICHOLSON
451,BETTE NICHOLSON
503,BETTE NICHOLSON
509,BETTE NICHOLSON
517,BETTE NICHOLSON
519,BETTE NICHOLSON
605,BETTE NICHOLSON
692,BETTE NICHOLSON
826,BETTE NICHOLSON
892,BETTE NICHOLSON
902,BETTE NICHOLSON
994,BETTE NICHOLSON
25,GRACE MOSTEL
27,GRACE MOSTEL
35,GRACE MOSTEL
67,GRACE MOSTEL
96,GRACE MOSTEL
170,GRACE MOSTEL
173,GRACE MOSTEL
217,GRACE MOSTEL
218,GRACE MOSTEL
225,GRACE MOSTEL
292,GRACE MOSTEL
351,GRACE MOSTEL
414,GRACE MOSTEL
463,GRACE MOSTEL
554,GRACE MOSTEL
618,GRACE MOSTEL
633,GRACE MOSTEL
637,GRACE MOSTEL
691,GRACE MOSTEL
758,GRACE MOSTEL
766,GRACE MOSTEL
770,GRACE MOSTEL
805,GRACE MOSTEL
806,GRACE MOSTEL
846,GRACE MOSTEL
900,GRACE MOSTEL
901,GRACE MOSTEL
910,GRACE MOSTEL
957,GRACE MOSTEL
959,GRACE MOSTEL
47,MATTHEW JOHANSSON
115,MATTHEW JOHANSSON
158,MATTHEW JOHANSSON
179,MATTHEW JOHANSSON
195,MATTHEW JOHANSSON
205,MATTHEW JOHANSSON
255,MATTHEW JOHANSSON
263,MATTHEW JOHANSSON
321,MATTHEW JOHANSSON
396,MATTHEW JOHANSSON
458,MATTHEW JOHANSSON
523,MATTHEW JOHANSSON
532,MATTHEW JOHANSSON
554,MATTHEW JOHANSSON
752,MATTHEW JOHANSSON
769,MATTHEW JOHANSSON
771,MATTHEW JOHANSSON
859,MATTHEW JOHANSSON
895,MATTHEW JOHANSSON
936,MATTHEW JOHANSSON
30,JOE SWANK
74,JOE SWANK
147,JOE SWANK
148,JOE SWANK
191,JOE SWANK
200,JOE SWANK
204,JOE SWANK
434,JOE SWANK
510,JOE SWANK
514,JOE SWANK
552,JOE SWANK
650,JOE SWANK
671,JOE SWANK
697,JOE SWANK
722,JOE SWANK
752,JOE SWANK
811,JOE SWANK
815,JOE SWANK
865,JOE SWANK
873,JOE SWANK
889,JOE SWANK
903,JOE SWANK
926,JOE SWANK
964,JOE SWANK
974,JOE SWANK
1,CHRISTIAN GABLE
9,CHRISTIAN GABLE
191,CHRISTIAN GABLE
236,CHRISTIAN GABLE
251,CHRISTIAN GABLE
366,CHRISTIAN GABLE
477,CHRISTIAN GABLE
480,CHRISTIAN GABLE
522,CHRISTIAN GABLE
530,CHRISTIAN GABLE
587,CHRISTIAN GABLE
694,CHRISTIAN GABLE
703,CHRISTIAN GABLE
716,CHRISTIAN GABLE
782,CHRISTIAN GABLE
914,CHRISTIAN GABLE
929,CHRISTIAN GABLE
930,CHRISTIAN GABLE
964,CHRISTIAN GABLE
966,CHRISTIAN GABLE
980,CHRISTIAN GABLE
983,CHRISTIAN GABLE
118,ZERO CAGE
205,ZERO CAGE
281,ZERO CAGE
283,ZERO CAGE
348,ZERO CAGE
364,ZERO CAGE
395,ZERO CAGE
429,ZERO CAGE
433,ZERO CAGE
453,ZERO CAGE
485,ZERO CAGE
532,ZERO CAGE
567,ZERO CAGE
587,ZERO CAGE
597,ZERO CAGE
636,ZERO CAGE
709,ZERO CAGE
850,ZERO CAGE
854,ZERO CAGE
888,ZERO CAGE
896,ZERO CAGE
928,ZERO CAGE
938,ZERO CAGE
969,ZERO CAGE
988,ZERO CAGE
16,KARL BERRY
17,KARL BERRY
34,KARL BERRY
37,KARL BERRY
91,KARL BERRY
92,KARL BERRY
107,KARL BERRY
155,KARL BERRY
177,KARL BERRY
208,KARL BERRY
213,KARL BERRY
216,KARL BERRY
243,KARL BERRY
344,KARL BERRY
400,KARL BERRY
416,KARL BERRY
420,KARL BERRY
457,KARL BERRY
513,KARL BERRY
540,KARL BERRY
593,KARL BERRY
631,KARL BERRY
635,KARL BERRY
672,KARL BERRY
716,KARL BERRY
728,KARL BERRY
812,KARL BERRY
838,KARL BERRY
871,KARL BERRY
880,KARL BERRY
945,KARL BERRY
17,UMA WOOD
29,UMA WOOD
45,UMA WOOD
87,UMA WOOD
110,UMA WOOD
144,UMA WOOD
154,UMA WOOD
162,UMA WOOD
203,UMA WOOD
254,UMA WOOD
337,UMA WOOD
346,UMA WOOD
381,UMA WOOD
385,UMA WOOD
427,UMA WOOD
456,UMA WOOD
513,UMA WOOD
515,UMA WOOD
522,UMA WOOD
524,UMA WOOD
528,UMA WOOD
571,UMA WOOD
588,UMA WOOD
597,UMA WOOD
600,UMA WOOD
718,UMA WOOD
729,UMA WOOD
816,UMA WOOD
817,UMA WOOD
832,UMA WOOD
833,UMA WOOD
843,UMA WOOD
897,UMA WOOD
966,UMA WOOD
998,UMA WOOD
154,VIVIEN BERGEN
187,VIVIEN BERGEN
232,VIVIEN BERGEN
241,VIVIEN BERGEN
253,VIVIEN BERGEN
255,VIVIEN BERGEN
258,VIVIEN BERGEN
284,VIVIEN BERGEN
292,VIVIEN BERGEN
370,VIVIEN BERGEN
415,VIVIEN BERGEN
417,VIVIEN BERGEN
418,VIVIEN BERGEN
454,VIVIEN BERGEN
472,VIVIEN BERGEN
475,VIVIEN BERGEN
495,VIVIEN BERGEN
536,VIVIEN BERGEN
537,VIVIEN BERGEN
612,VIVIEN BERGEN
688,VIVIEN BERGEN
759,VIVIEN BERGEN
764,VIVIEN BERGEN
847,VIVIEN BERGEN
856,VIVIEN BERGEN
890,VIVIEN BERGEN
908,VIVIEN BERGEN
919,VIVIEN BERGEN
948,VIVIEN BERGEN
970,VIVIEN BERGEN
31,CUBA OLIVIER
89,CUBA OLIVIER
91,CUBA OLIVIER
108,CUBA OLIVIER
125,CUBA OLIVIER
236,CUBA OLIVIER
275,CUBA OLIVIER
280,CUBA OLIVIER
326,CUBA OLIVIER
342,CUBA OLIVIER
414,CUBA OLIVIER
445,CUBA OLIVIER
500,CUBA OLIVIER
502,CUBA OLIVIER
541,CUBA OLIVIER
553,CUBA OLIVIER
594,CUBA OLIVIER
626,CUBA OLIVIER
635,CUBA OLIVIER
745,CUBA OLIVIER
783,CUBA OLIVIER
795,CUBA OLIVIER
817,CUBA OLIVIER
886,CUBA OLIVIER
924,CUBA OLIVIER
949,CUBA OLIVIER
968,CUBA OLIVIER
985,CUBA OLIVIER
80,FRED COSTNER
87,FRED COSTNER
101,FRED COSTNER
121,FRED COSTNER
155,FRED COSTNER
177,FRED COSTNER
218,FRED COSTNER
221,FRED COSTNER
267,FRED COSTNER
269,FRED COSTNER
271,FRED COSTNER
280,FRED COSTNER
287,FRED COSTNER
345,FRED COSTNER
438,FRED COSTNER
453,FRED COSTNER
455,FRED COSTNER
456,FRED COSTNER
503,FRED COSTNER
548,FRED COSTNER
582,FRED COSTNER
583,FRED COSTNER
717,FRED COSTNER
758,FRED COSTNER
779,FRED COSTNER
886,FRED COSTNER
967,FRED COSTNER
96,HELEN VOIGHT
119,HELEN VOIGHT
124,HELEN VOIGHT
127,HELEN VOIGHT
154,HELEN VOIGHT
199,HELEN VOIGHT
201,HELEN VOIGHT
236,HELEN VOIGHT
280,HELEN VOIGHT
310,HELEN VOIGHT
313,HELEN VOIGHT
378,HELEN VOIGHT
457,HELEN VOIGHT
469,HELEN VOIGHT
478,HELEN VOIGHT
500,HELEN VOIGHT
515,HELEN VOIGHT
521,HELEN VOIGHT
573,HELEN VOIGHT
603,HELEN VOIGHT
606,HELEN VOIGHT
734,HELEN VOIGHT
770,HELEN VOIGHT
794,HELEN VOIGHT
800,HELEN VOIGHT
853,HELEN VOIGHT
873,HELEN VOIGHT
874,HELEN VOIGHT
880,HELEN VOIGHT
948,HELEN VOIGHT
957,HELEN VOIGHT
959,HELEN VOIGHT
44,DAN TORN
84,DAN TORN
144,DAN TORN
172,DAN TORN
268,DAN TORN
279,DAN TORN
280,DAN TORN
321,DAN TORN
386,DAN TORN
460,DAN TORN
462,DAN TORN
484,DAN TORN
536,DAN TORN
561,DAN TORN
612,DAN TORN
717,DAN TORN
808,DAN TORN
842,DAN TORN
863,DAN TORN
883,DAN TORN
917,DAN TORN
944,DAN TORN
2,BOB FAWCETT
3,BOB FAWCETT
144,BOB FAWCETT
152,BOB FAWCETT
182,BOB FAWCETT
208,BOB FAWCETT
212,BOB FAWCETT
217,BOB FAWCETT
266,BOB FAWCETT
404,BOB FAWCETT
428,BOB FAWCETT
473,BOB FAWCETT
490,BOB FAWCETT
510,BOB FAWCETT
513,BOB FAWCETT
644,BOB FAWCETT
670,BOB FAWCETT
673,BOB FAWCETT
711,BOB FAWCETT
750,BOB FAWCETT
752,BOB FAWCETT
756,BOB FAWCETT
771,BOB FAWCETT
785,BOB FAWCETT
877,BOB FAWCETT
1,LUCILLE TRACY
54,LUCILLE TRACY
63,LUCILLE TRACY
140,LUCILLE TRACY
146,LUCILLE TRACY
165,LUCILLE TRACY
231,LUCILLE TRACY
243,LUCILLE TRACY
269,LUCILLE TRACY
274,LUCILLE TRACY
348,LUCILLE TRACY
366,LUCILLE TRACY
445,LUCILLE TRACY
478,LUCILLE TRACY
492,LUCILLE TRACY
499,LUCILLE TRACY
527,LUCILLE TRACY
531,LUCILLE TRACY
538,LUCILLE TRACY
589,LUCILLE TRACY
643,LUCILLE TRACY
652,LUCILLE TRACY
663,LUCILLE TRACY
714,LUCILLE TRACY
717,LUCILLE TRACY
757,LUCILLE TRACY
784,LUCILLE TRACY
863,LUCILLE TRACY
962,LUCILLE TRACY
977,LUCILLE TRACY
6,KIRSTEN PALTROW
87,KIRSTEN PALTROW
88,KIRSTEN PALTROW
142,KIRSTEN PALTROW
159,KIRSTEN PALTROW
179,KIRSTEN PALTROW
253,KIRSTEN PALTROW
281,KIRSTEN PALTROW
321,KIRSTEN PALTROW
398,KIRSTEN PALTROW
426,KIRSTEN PALTROW
429,KIRSTEN PALTROW
497,KIRSTEN PALTROW
507,KIRSTEN PALTROW
530,KIRSTEN PALTROW
680,KIRSTEN PALTROW
686,KIRSTEN PALTROW
700,KIRSTEN PALTROW
702,KIRSTEN PALTROW
733,KIRSTEN PALTROW
734,KIRSTEN PALTROW
798,KIRSTEN PALTROW
804,KIRSTEN PALTROW
887,KIRSTEN PALTROW
893,KIRSTEN PALTROW
920,KIRSTEN PALTROW
983,KIRSTEN PALTROW
9,ELVIS MARX
23,ELVIS MARX
56,ELVIS MARX
89,ELVIS MARX
111,ELVIS MARX
146,ELVIS MARX
291,ELVIS MARX
294,ELVIS MARX
349,ELVIS MARX
369,ELVIS MARX
418,ELVIS MARX
430,ELVIS MARX
483,ELVIS MARX
491,ELVIS MARX
495,ELVIS MARX
536,ELVIS MARX
600,ELVIS MARX
634,ELVIS MARX
648,ELVIS MARX
688,ELVIS MARX
731,ELVIS MARX
742,ELVIS MARX
775,ELVIS MARX
802,ELVIS MARX
912,ELVIS MARX
964,ELVIS MARX
6,SANDRA KILMER
42,SANDRA KILMER
78,SANDRA KILMER
105,SANDRA KILMER
116,SANDRA KILMER
117,SANDRA KILMER
125,SANDRA KILMER
212,SANDRA KILMER
226,SANDRA KILMER
235,SANDRA KILMER
254,SANDRA KILMER
367,SANDRA KILMER
370,SANDRA KILMER
414,SANDRA KILMER
419,SANDRA KILMER
435,SANDRA KILMER
449,SANDRA KILMER
491,SANDRA KILMER
536,SANDRA KILMER
549,SANDRA KILMER
636,SANDRA KILMER
649,SANDRA KILMER
673,SANDRA KILMER
691,SANDRA KILMER
766,SANDRA KILMER
782,SANDRA KILMER
804,SANDRA KILMER
820,SANDRA KILMER
826,SANDRA KILMER
833,SANDRA KILMER
842,SANDRA KILMER
853,SANDRA KILMER
855,SANDRA KILMER
856,SANDRA KILMER
935,SANDRA KILMER
981,SANDRA KILMER
997,SANDRA KILMER
3,CAMERON STREEP
83,CAMERON STREEP
112,CAMERON STREEP
126,CAMERON STREEP
148,CAMERON STREEP
164,CAMERON STREEP
178,CAMERON STREEP
194,CAMERON STREEP
199,CAMERON STREEP
242,CAMERON STREEP
256,CAMERON STREEP
277,CAMERON STREEP
335,CAMERON STREEP
405,CAMERON STREEP
463,CAMERON STREEP
515,CAMERON STREEP
585,CAMERON STREEP
603,CAMERON STREEP
653,CAMERON STREEP
704,CAMERON STREEP
781,CAMERON STREEP
829,CAMERON STREEP
832,CAMERON STREEP
969,CAMERON STREEP
21,KEVIN BLOOM
86,KEVIN BLOOM
153,KEVIN BLOOM
179,KEVIN BLOOM
204,KEVIN BLOOM
213,KEVIN BLOOM
226,KEVIN BLOOM
245,KEVIN BLOOM
311,KEVIN BLOOM
404,KEVIN BLOOM
411,KEVIN BLOOM
420,KEVIN BLOOM
538,KEVIN BLOOM
564,KEVIN BLOOM
583,KEVIN BLOOM
606,KEVIN BLOOM
688,KEVIN BLOOM
697,KEVIN BLOOM
755,KEVIN BLOOM
871,KEVIN BLOOM
914,KEVIN BLOOM
9,RIP CRAWFORD
21,RIP CRAWFORD
34,RIP CRAWFORD
90,RIP CRAWFORD
93,RIP CRAWFORD
103,RIP CRAWFORD
147,RIP CRAWFORD
186,RIP CRAWFORD
201,RIP CRAWFORD
225,RIP CRAWFORD
241,RIP CRAWFORD
327,RIP CRAWFORD
329,RIP CRAWFORD
340,RIP CRAWFORD
345,RIP CRAWFORD
390,RIP CRAWFORD
392,RIP CRAWFORD
529,RIP CRAWFORD
544,RIP CRAWFORD
564,RIP CRAWFORD
635,RIP CRAWFORD
644,RIP CRAWFORD
682,RIP CRAWFORD
688,RIP CRAWFORD
715,RIP CRAWFORD
732,RIP CRAWFORD
758,RIP CRAWFORD
764,RIP CRAWFORD
795,RIP CRAWFORD
821,RIP CRAWFORD
885,RIP CRAWFORD
904,RIP CRAWFORD
906,RIP CRAWFORD
19,JULIA MCQUEEN
34,JULIA MCQUEEN
85,JULIA MCQUEEN
150,JULIA MCQUEEN
172,JULIA MCQUEEN
273,JULIA MCQUEEN
334,JULIA MCQUEEN
347,JULIA MCQUEEN
359,JULIA MCQUEEN
398,JULIA MCQUEEN
415,JULIA MCQUEEN
462,JULIA MCQUEEN
477,JULIA MCQUEEN
500,JULIA MCQUEEN
503,JULIA MCQUEEN
540,JULIA MCQUEEN
586,JULIA MCQUEEN
593,JULIA MCQUEEN
637,JULIA MCQUEEN
679,JULIA MCQUEEN
682,JULIA MCQUEEN
695,JULIA MCQUEEN
771,JULIA MCQUEEN
805,JULIA MCQUEEN
830,JULIA MCQUEEN
854,JULIA MCQUEEN
873,JULIA MCQUEEN
880,JULIA MCQUEEN
889,JULIA MCQUEEN
904,JULIA MCQUEEN
967,JULIA MCQUEEN
986,JULIA MCQUEEN
996,JULIA MCQUEEN
14,WOODY HOFFMAN
43,WOODY HOFFMAN
58,WOODY HOFFMAN
74,WOODY HOFFMAN
96,WOODY HOFFMAN
107,WOODY HOFFMAN
259,WOODY HOFFMAN
263,WOODY HOFFMAN
287,WOODY HOFFMAN
358,WOODY HOFFMAN
502,WOODY HOFFMAN
508,WOODY HOFFMAN
532,WOODY HOFFMAN
551,WOODY HOFFMAN
574,WOODY HOFFMAN
597,WOODY HOFFMAN
619,WOODY HOFFMAN
625,WOODY HOFFMAN
652,WOODY HOFFMAN
679,WOODY HOFFMAN
743,WOODY HOFFMAN
790,WOODY HOFFMAN
793,WOODY HOFFMAN
816,WOODY HOFFMAN
827,WOODY HOFFMAN
835,WOODY HOFFMAN
879,WOODY HOFFMAN
908,WOODY HOFFMAN
953,WOODY HOFFMAN
973,WOODY HOFFMAN
994,WOODY HOFFMAN
10,ALEC WAYNE
79,ALEC WAYNE
105,ALEC WAYNE
110,ALEC WAYNE
131,ALEC WAYNE
133,ALEC WAYNE
172,ALEC WAYNE
226,ALEC WAYNE
273,ALEC WAYNE
282,ALEC WAYNE
296,ALEC WAYNE
311,ALEC WAYNE
335,ALEC WAYNE
342,ALEC WAYNE
436,ALEC WAYNE
444,ALEC WAYNE
449,ALEC WAYNE
462,ALEC WAYNE
482,ALEC WAYNE
488,ALEC WAYNE
519,ALEC WAYNE
547,ALEC WAYNE
590,ALEC WAYNE
646,ALEC WAYNE
723,ALEC WAYNE
812,ALEC WAYNE
862,ALEC WAYNE
928,ALEC WAYNE
944,ALEC WAYNE
1,SANDRA PECK
53,SANDRA PECK
64,SANDRA PECK
69,SANDRA PECK
77,SANDRA PECK
87,SANDRA PECK
260,SANDRA PECK
262,SANDRA PECK
286,SANDRA PECK
292,SANDRA PECK
301,SANDRA PECK
318,SANDRA PECK
321,SANDRA PECK
357,SANDRA PECK
565,SANDRA PECK
732,SANDRA PECK
797,SANDRA PECK
838,SANDRA PECK
945,SANDRA PECK
88,SISSY SOBIESKI
146,SISSY SOBIESKI
163,SISSY SOBIESKI
164,SISSY SOBIESKI
188,SISSY SOBIESKI
299,SISSY SOBIESKI
308,SISSY SOBIESKI
368,SISSY SOBIESKI
380,SISSY SOBIESKI
431,SISSY SOBIESKI
585,SISSY SOBIESKI
637,SISSY SOBIESKI
700,SISSY SOBIESKI
739,SISSY SOBIESKI
793,SISSY SOBIESKI
802,SISSY SOBIESKI
880,SISSY SOBIESKI
978,SISSY SOBIESKI
65,TIM HACKMAN
84,TIM HACKMAN
103,TIM HACKMAN
112,TIM HACKMAN
136,TIM HACKMAN
197,TIM HACKMAN
199,TIM HACKMAN
219,TIM HACKMAN
309,TIM HACKMAN
312,TIM HACKMAN
401,TIM HACKMAN
427,TIM HACKMAN
431,TIM HACKMAN
523,TIM HACKMAN
567,TIM HACKMAN
585,TIM HACKMAN
606,TIM HACKMAN
651,TIM HACKMAN
667,TIM HACKMAN
669,TIM HACKMAN
815,TIM HACKMAN
928,TIM HACKMAN
980,TIM HACKMAN
56,MILLA PECK
112,MILLA PECK
135,MILLA PECK
154,MILLA PECK
214,MILLA PECK
252,MILLA PECK
305,MILLA PECK
306,MILLA PECK
473,MILLA PECK
489,MILLA PECK
574,MILLA PECK
618,MILLA PECK
667,MILLA PECK
694,MILLA PECK
712,MILLA PECK
735,MILLA PECK
737,MILLA PECK
754,MILLA PECK
775,MILLA PECK
878,MILLA PECK
881,MILLA PECK
965,MILLA PECK
972,MILLA PECK
993,MILLA PECK
43,AUDREY OLIVIER
90,AUDREY OLIVIER
119,AUDREY OLIVIER
125,AUDREY OLIVIER
172,AUDREY OLIVIER
182,AUDREY OLIVIER
244,AUDREY OLIVIER
336,AUDREY OLIVIER
389,AUDREY OLIVIER
393,AUDREY OLIVIER
438,AUDREY OLIVIER
493,AUDREY OLIVIER
502,AUDREY OLIVIER
525,AUDREY OLIVIER
668,AUDREY OLIVIER
720,AUDREY OLIVIER
779,AUDREY OLIVIER
788,AUDREY OLIVIER
794,AUDREY OLIVIER
836,AUDREY OLIVIER
846,AUDREY OLIVIER
853,AUDREY OLIVIER
929,AUDREY OLIVIER
950,AUDREY OLIVIER
971,AUDREY OLIVIER
10,JUDY DEAN
35,JUDY DEAN
52,JUDY DEAN
201,JUDY DEAN
256,JUDY DEAN
389,JUDY DEAN
589,JUDY DEAN
612,JUDY DEAN
615,JUDY DEAN
707,JUDY DEAN
732,JUDY DEAN
738,JUDY DEAN
748,JUDY DEAN
817,JUDY DEAN
914,JUDY DEAN
15,BURT DUKAKIS
81,BURT DUKAKIS
171,BURT DUKAKIS
231,BURT DUKAKIS
245,BURT DUKAKIS
283,BURT DUKAKIS
380,BURT DUKAKIS
381,BURT DUKAKIS
387,BURT DUKAKIS
390,BURT DUKAKIS
410,BURT DUKAKIS
426,BURT DUKAKIS
427,BURT DUKAKIS
453,BURT DUKAKIS
466,BURT DUKAKIS
484,BURT DUKAKIS
493,BURT DUKAKIS
499,BURT DUKAKIS
569,BURT DUKAKIS
590,BURT DUKAKIS
600,BURT DUKAKIS
714,BURT DUKAKIS
715,BURT DUKAKIS
716,BURT DUKAKIS
731,BURT DUKAKIS
875,BURT DUKAKIS
915,BURT DUKAKIS
931,BURT DUKAKIS
956,BURT DUKAKIS
10,VAL BOLGER
12,VAL BOLGER
19,VAL BOLGER
118,VAL BOLGER
119,VAL BOLGER
122,VAL BOLGER
146,VAL BOLGER
204,VAL BOLGER
253,VAL BOLGER
260,VAL BOLGER
277,VAL BOLGER
317,VAL BOLGER
467,VAL BOLGER
477,VAL BOLGER
485,VAL BOLGER
508,VAL BOLGER
529,VAL BOLGER
553,VAL BOLGER
555,VAL BOLGER
572,VAL BOLGER
588,VAL BOLGER
662,VAL BOLGER
663,VAL BOLGER
694,VAL BOLGER
697,VAL BOLGER
785,VAL BOLGER
839,VAL BOLGER
840,VAL BOLGER
853,VAL BOLGER
900,VAL BOLGER
925,VAL BOLGER
963,VAL BOLGER
966,VAL BOLGER
989,VAL BOLGER
997,VAL BOLGER
24,TOM MCKELLEN
111,TOM MCKELLEN
160,TOM MCKELLEN
176,TOM MCKELLEN
223,TOM MCKELLEN
241,TOM MCKELLEN
274,TOM MCKELLEN
335,TOM MCKELLEN
338,TOM MCKELLEN
353,TOM MCKELLEN
448,TOM MCKELLEN
450,TOM MCKELLEN
458,TOM MCKELLEN
501,TOM MCKELLEN
516,TOM MCKELLEN
547,TOM MCKELLEN
583,TOM MCKELLEN
618,TOM MCKELLEN
619,TOM MCKELLEN
705,TOM MCKELLEN
793,TOM MCKELLEN
827,TOM MCKELLEN
839,TOM MCKELLEN
853,TOM MCKELLEN
876,TOM MCKELLEN
71,GOLDIE BRODY
73,GOLDIE BRODY
168,GOLDIE BRODY
203,GOLDIE BRODY
222,GOLDIE BRODY
290,GOLDIE BRODY
293,GOLDIE BRODY
320,GOLDIE BRODY
415,GOLDIE BRODY
425,GOLDIE BRODY
431,GOLDIE BRODY
456,GOLDIE BRODY
476,GOLDIE BRODY
559,GOLDIE BRODY
587,GOLDIE BRODY
598,GOLDIE BRODY
606,GOLDIE BRODY
648,GOLDIE BRODY
683,GOLDIE BRODY
689,GOLDIE BRODY
696,GOLDIE BRODY
700,GOLDIE BRODY
703,GOLDIE BRODY
736,GOLDIE BRODY
772,GOLDIE BRODY
815,GOLDIE BRODY
831,GOLDIE BRODY
920,GOLDIE BRODY
1,JOHNNY CAGE
11,JOHNNY CAGE
34,JOHNNY CAGE
107,JOHNNY CAGE
128,JOHNNY CAGE
163,JOHNNY CAGE
177,JOHNNY CAGE
223,JOHNNY CAGE
233,JOHNNY CAGE
326,JOHNNY CAGE
374,JOHNNY CAGE
394,JOHNNY CAGE
396,JOHNNY CAGE
463,JOHNNY CAGE
466,JOHNNY CAGE
494,JOHNNY CAGE
521,JOHNNY CAGE
723,JOHNNY CAGE
737,JOHNNY CAGE
744,JOHNNY CAGE
747,JOHNNY CAGE
754,JOHNNY CAGE
799,JOHNNY CAGE
835,JOHNNY CAGE
868,JOHNNY CAGE
869,JOHNNY CAGE
887,JOHNNY CAGE
933,JOHNNY CAGE
938,JOHNNY CAGE
4,JODIE DEGENERES
60,JODIE DEGENERES
69,JODIE DEGENERES
86,JODIE DEGENERES
100,JODIE DEGENERES
150,JODIE DEGENERES
159,JODIE DEGENERES
194,JODIE DEGENERES
203,JODIE DEGENERES
212,JODIE DEGENERES
230,JODIE DEGENERES
249,JODIE DEGENERES
252,JODIE DEGENERES
305,JODIE DEGENERES
336,JODIE DEGENERES
383,JODIE DEGENERES
544,JODIE DEGENERES
596,JODIE DEGENERES
657,JODIE DEGENERES
674,JODIE DEGENERES
678,JODIE DEGENERES
721,JODIE DEGENERES
724,JODIE DEGENERES
779,JODIE DEGENERES
784,JODIE DEGENERES
799,JODIE DEGENERES
894,JODIE DEGENERES
912,JODIE DEGENERES
942,JODIE DEGENERES
24,TOM MIRANDA
139,TOM MIRANDA
309,TOM MIRANDA
320,TOM MIRANDA
333,TOM MIRANDA
500,TOM MIRANDA
502,TOM MIRANDA
505,TOM MIRANDA
527,TOM MIRANDA
535,TOM MIRANDA
546,TOM MIRANDA
568,TOM MIRANDA
648,TOM MIRANDA
665,TOM MIRANDA
673,TOM MIRANDA
687,TOM MIRANDA
713,TOM MIRANDA
738,TOM MIRANDA
798,TOM MIRANDA
861,TOM MIRANDA
865,TOM MIRANDA
867,TOM MIRANDA
876,TOM MIRANDA
890,TOM MIRANDA
907,TOM MIRANDA
922,TOM MIRANDA
932,TOM MIRANDA
19,KIRK JOVOVICH
42,KIRK JOVOVICH
56,KIRK JOVOVICH
89,KIRK JOVOVICH
105,KIRK JOVOVICH
147,KIRK JOVOVICH
161,KIRK JOVOVICH
180,KIRK JOVOVICH
239,KIRK JOVOVICH
276,KIRK JOVOVICH
330,KIRK JOVOVICH
344,KIRK JOVOVICH
359,KIRK JOVOVICH
377,KIRK JOVOVICH
410,KIRK JOVOVICH
462,KIRK JOVOVICH
533,KIRK JOVOVICH
598,KIRK JOVOVICH
605,KIRK JOVOVICH
608,KIRK JOVOVICH
621,KIRK JOVOVICH
753,KIRK JOVOVICH
827,KIRK JOVOVICH
833,KIRK JOVOVICH
917,KIRK JOVOVICH
958,KIRK JOVOVICH
58,NICK STALLONE
84,NICK STALLONE
88,NICK STALLONE
94,NICK STALLONE
109,NICK STALLONE
176,NICK STALLONE
242,NICK STALLONE
273,NICK STALLONE
322,NICK STALLONE
420,NICK STALLONE
434,NICK STALLONE
490,NICK STALLONE
591,NICK STALLONE
598,NICK STALLONE
604,NICK STALLONE
699,NICK STALLONE
751,NICK STALLONE
784,NICK STALLONE
825,NICK STALLONE
854,NICK STALLONE
875,NICK STALLONE
878,NICK STALLONE
883,NICK STALLONE
896,NICK STALLONE
902,NICK STALLONE
937,NICK STALLONE
944,NICK STALLONE
952,NICK STALLONE
982,NICK STALLONE
998,NICK STALLONE
18,REESE KILMER
65,REESE KILMER
66,REESE KILMER
115,REESE KILMER
117,REESE KILMER
164,REESE KILMER
187,REESE KILMER
198,REESE KILMER
219,REESE KILMER
330,REESE KILMER
407,REESE KILMER
416,REESE KILMER
463,REESE KILMER
467,REESE KILMER
484,REESE KILMER
502,REESE KILMER
503,REESE KILMER
508,REESE KILMER
537,REESE KILMER
680,REESE KILMER
714,REESE KILMER
767,REESE KILMER
778,REESE KILMER
797,REESE KILMER
810,REESE KILMER
895,REESE KILMER
900,REESE KILMER
901,REESE KILMER
920,REESE KILMER
925,REESE KILMER
975,REESE KILMER
978,REESE KILMER
38,PARKER GOLDBERG
51,PARKER GOLDBERG
174,PARKER GOLDBERG
254,PARKER GOLDBERG
296,PARKER GOLDBERG
319,PARKER GOLDBERG
407,PARKER GOLDBERG
448,PARKER GOLDBERG
456,PARKER GOLDBERG
463,PARKER GOLDBERG
478,PARKER GOLDBERG
538,PARKER GOLDBERG
540,PARKER GOLDBERG
567,PARKER GOLDBERG
731,PARKER GOLDBERG
766,PARKER GOLDBERG
768,PARKER GOLDBERG
820,PARKER GOLDBERG
829,PARKER GOLDBERG
830,PARKER GOLDBERG
836,PARKER GOLDBERG
889,PARKER GOLDBERG
980,PARKER GOLDBERG
991,PARKER GOLDBERG
25,JULIA BARRYMORE
36,JULIA BARRYMORE
53,JULIA BARRYMORE
67,JULIA BARRYMORE
172,JULIA BARRYMORE
233,JULIA BARRYMORE
273,JULIA BARRYMORE
351,JULIA BARRYMORE
385,JULIA BARRYMORE
484,JULIA BARRYMORE
508,JULIA BARRYMORE
576,JULIA BARRYMORE
670,JULIA BARRYMORE
734,JULIA BARRYMORE
737,JULIA BARRYMORE
770,JULIA BARRYMORE
777,JULIA BARRYMORE
787,JULIA BARRYMORE
790,JULIA BARRYMORE
913,JULIA BARRYMORE
923,JULIA BARRYMORE
924,JULIA BARRYMORE
944,JULIA BARRYMORE
973,JULIA BARRYMORE
99,FRANCES DAY-LEWIS
101,FRANCES DAY-LEWIS
134,FRANCES DAY-LEWIS
150,FRANCES DAY-LEWIS
164,FRANCES DAY-LEWIS
211,FRANCES DAY-LEWIS
245,FRANCES DAY-LEWIS
267,FRANCES DAY-LEWIS
287,FRANCES DAY-LEWIS
295,FRANCES DAY-LEWIS
312,FRANCES DAY-LEWIS
315,FRANCES DAY-LEWIS
345,FRANCES DAY-LEWIS
349,FRANCES DAY-LEWIS
428,FRANCES DAY-LEWIS
506,FRANCES DAY-LEWIS
545,FRANCES DAY-LEWIS
559,FRANCES DAY-LEWIS
570,FRANCES DAY-LEWIS
599,FRANCES DAY-LEWIS
645,FRANCES DAY-LEWIS
705,FRANCES DAY-LEWIS
757,FRANCES DAY-LEWIS
792,FRANCES DAY-LEWIS
922,FRANCES DAY-LEWIS
926,FRANCES DAY-LEWIS
31,ANNE CRONYN
151,ANNE CRONYN
195,ANNE CRONYN
207,ANNE CRONYN
250,ANNE CRONYN
282,ANNE CRONYN
348,ANNE CRONYN
391,ANNE CRONYN
400,ANNE CRONYN
407,ANNE CRONYN
423,ANNE CRONYN
433,ANNE CRONYN
469,ANNE CRONYN
506,ANNE CRONYN
542,ANNE CRONYN
558,ANNE CRONYN
579,ANNE CRONYN
595,ANNE CRONYN
662,ANNE CRONYN
709,ANNE CRONYN
716,ANNE CRONYN
725,ANNE CRONYN
729,ANNE CRONYN
811,ANNE CRONYN
927,ANNE CRONYN
977,ANNE CRONYN
980,ANNE CRONYN
111,NATALIE HOPKINS
178,NATALIE HOPKINS
243,NATALIE HOPKINS
248,NATALIE HOPKINS
274,NATALIE HOPKINS
288,NATALIE HOPKINS
303,NATALIE HOPKINS
306,NATALIE HOPKINS
327,NATALIE HOPKINS
372,NATALIE HOPKINS
401,NATALIE HOPKINS
417,NATALIE HOPKINS
420,NATALIE HOPKINS
437,NATALIE HOPKINS
476,NATALIE HOPKINS
504,NATALIE HOPKINS
520,NATALIE HOPKINS
552,NATALIE HOPKINS
591,NATALIE HOPKINS
621,NATALIE HOPKINS
632,NATALIE HOPKINS
645,NATALIE HOPKINS
672,NATALIE HOPKINS
717,NATALIE HOPKINS
732,NATALIE HOPKINS
795,NATALIE HOPKINS
829,NATALIE HOPKINS
840,NATALIE HOPKINS
897,NATALIE HOPKINS
918,NATALIE HOPKINS
924,NATALIE HOPKINS
957,NATALIE HOPKINS
5,GARY PHOENIX
63,GARY PHOENIX
103,GARY PHOENIX
112,GARY PHOENIX
121,GARY PHOENIX
153,GARY PHOENIX
395,GARY PHOENIX
408,GARY PHOENIX
420,GARY PHOENIX
461,GARY PHOENIX
490,GARY PHOENIX
525,GARY PHOENIX
627,GARY PHOENIX
678,GARY PHOENIX
733,GARY PHOENIX
734,GARY PHOENIX
737,GARY PHOENIX
750,GARY PHOENIX
847,GARY PHOENIX
891,GARY PHOENIX
895,GARY PHOENIX
940,GARY PHOENIX
974,GARY PHOENIX
990,GARY PHOENIX
993,GARY PHOENIX
20,CARMEN HUNT
92,CARMEN HUNT
96,CARMEN HUNT
108,CARMEN HUNT
203,CARMEN HUNT
249,CARMEN HUNT
341,CARMEN HUNT
376,CARMEN HUNT
388,CARMEN HUNT
407,CARMEN HUNT
424,CARMEN HUNT
474,CARMEN HUNT
515,CARMEN HUNT
517,CARMEN HUNT
584,CARMEN HUNT
596,CARMEN HUNT
664,CARMEN HUNT
675,CARMEN HUNT
689,CARMEN HUNT
714,CARMEN HUNT
812,CARMEN HUNT
878,CARMEN HUNT
879,CARMEN HUNT
915,CARMEN HUNT
951,CARMEN HUNT
999,CARMEN HUNT
1,MENA TEMPLE
9,MENA TEMPLE
51,MENA TEMPLE
58,MENA TEMPLE
109,MENA TEMPLE
122,MENA TEMPLE
126,MENA TEMPLE
181,MENA TEMPLE
256,MENA TEMPLE
268,MENA TEMPLE
285,MENA TEMPLE
307,MENA TEMPLE
358,MENA TEMPLE
386,MENA TEMPLE
447,MENA TEMPLE
465,MENA TEMPLE
490,MENA TEMPLE
492,MENA TEMPLE
508,MENA TEMPLE
518,MENA TEMPLE
573,MENA TEMPLE
576,MENA TEMPLE
577,MENA TEMPLE
697,MENA TEMPLE
725,MENA TEMPLE
727,MENA TEMPLE
937,MENA TEMPLE
947,MENA TEMPLE
961,MENA TEMPLE
980,MENA TEMPLE
84,PENELOPE PINKETT
129,PENELOPE PINKETT
150,PENELOPE PINKETT
184,PENELOPE PINKETT
285,PENELOPE PINKETT
292,PENELOPE PINKETT
301,PENELOPE PINKETT
348,PENELOPE PINKETT
489,PENELOPE PINKETT
510,PENELOPE PINKETT
524,PENELOPE PINKETT
546,PENELOPE PINKETT
600,PENELOPE PINKETT
636,PENELOPE PINKETT
649,PENELOPE PINKETT
658,PENELOPE PINKETT
754,PENELOPE PINKETT
764,PENELOPE PINKETT
842,PENELOPE PINKETT
858,PENELOPE PINKETT
861,PENELOPE PINKETT
913,PENELOPE PINKETT
970,PENELOPE PINKETT
988,PENELOPE PINKETT
990,PENELOPE PINKETT
8,FAY KILMER
27,FAY KILMER
75,FAY KILMER
197,FAY KILMER
307,FAY KILMER
320,FAY KILMER
340,FAY KILMER
403,FAY KILMER
485,FAY KILMER
486,FAY KILMER
603,FAY KILMER
612,FAY KILMER
620,FAY KILMER
709,FAY KILMER
776,FAY KILMER
790,FAY KILMER
815,FAY KILMER
827,FAY KILMER
930,FAY KILMER
963,FAY KILMER
63,DAN HARRIS
87,DAN HARRIS
226,DAN HARRIS
236,DAN HARRIS
298,DAN HARRIS
307,DAN HARRIS
354,DAN HARRIS
383,DAN HARRIS
417,DAN HARRIS
421,DAN HARRIS
457,DAN HARRIS
462,DAN HARRIS
474,DAN HARRIS
521,DAN HARRIS
593,DAN HARRIS
728,DAN HARRIS
750,DAN HARRIS
769,DAN HARRIS
781,DAN HARRIS
795,DAN HARRIS
844,DAN HARRIS
851,DAN HARRIS
862,DAN HARRIS
868,DAN HARRIS
892,DAN HARRIS
893,DAN HARRIS
936,DAN HARRIS
965,DAN HARRIS
16,JUDE CRUISE
34,JUDE CRUISE
101,JUDE CRUISE
114,JUDE CRUISE
122,JUDE CRUISE
134,JUDE CRUISE
144,JUDE CRUISE
153,JUDE CRUISE
192,JUDE CRUISE
213,JUDE CRUISE
258,JUDE CRUISE
267,JUDE CRUISE
317,JUDE CRUISE
340,JUDE CRUISE
393,JUDE CRUISE
437,JUDE CRUISE
447,JUDE CRUISE
502,JUDE CRUISE
592,JUDE CRUISE
605,JUDE CRUISE
637,JUDE CRUISE
685,JUDE CRUISE
707,JUDE CRUISE
714,JUDE CRUISE
717,JUDE CRUISE
737,JUDE CRUISE
767,JUDE CRUISE
852,JUDE CRUISE
891,JUDE CRUISE
918,JUDE CRUISE
48,CHRISTIAN AKROYD
68,CHRISTIAN AKROYD
119,CHRISTIAN AKROYD
128,CHRISTIAN AKROYD
135,CHRISTIAN AKROYD
175,CHRISTIAN AKROYD
199,CHRISTIAN AKROYD
235,CHRISTIAN AKROYD
242,CHRISTIAN AKROYD
243,CHRISTIAN AKROYD
254,CHRISTIAN AKROYD
306,CHRISTIAN AKROYD
316,CHRISTIAN AKROYD
417,CHRISTIAN AKROYD
426,CHRISTIAN AKROYD
460,CHRISTIAN AKROYD
477,CHRISTIAN AKROYD
541,CHRISTIAN AKROYD
549,CHRISTIAN AKROYD
551,CHRISTIAN AKROYD
553,CHRISTIAN AKROYD
578,CHRISTIAN AKROYD
602,CHRISTIAN AKROYD
632,CHRISTIAN AKROYD
635,CHRISTIAN AKROYD
638,CHRISTIAN AKROYD
698,CHRISTIAN AKROYD
726,CHRISTIAN AKROYD
755,CHRISTIAN AKROYD
800,CHRISTIAN AKROYD
856,CHRISTIAN AKROYD
858,CHRISTIAN AKROYD
5,DUSTIN TAUTOU
46,DUSTIN TAUTOU
54,DUSTIN TAUTOU
72,DUSTIN TAUTOU
88,DUSTIN TAUTOU
121,DUSTIN TAUTOU
129,DUSTIN TAUTOU
130,DUSTIN TAUTOU
183,DUSTIN TAUTOU
210,DUSTIN TAUTOU
241,DUSTIN TAUTOU
295,DUSTIN TAUTOU
418,DUSTIN TAUTOU
572,DUSTIN TAUTOU
644,DUSTIN TAUTOU
650,DUSTIN TAUTOU
689,DUSTIN TAUTOU
694,DUSTIN TAUTOU
702,DUSTIN TAUTOU
713,DUSTIN TAUTOU
749,DUSTIN TAUTOU
772,DUSTIN TAUTOU
853,DUSTIN TAUTOU
862,DUSTIN TAUTOU
943,DUSTIN TAUTOU
946,DUSTIN TAUTOU
984,DUSTIN TAUTOU
31,HENRY BERRY
85,HENRY BERRY
133,HENRY BERRY
142,HENRY BERRY
177,HENRY BERRY
179,HENRY BERRY
186,HENRY BERRY
222,HENRY BERRY
235,HENRY BERRY
239,HENRY BERRY
253,HENRY BERRY
262,HENRY BERRY
297,HENRY BERRY
299,HENRY BERRY
334,HENRY BERRY
376,HENRY BERRY
423,HENRY BERRY
436,HENRY BERRY
493,HENRY BERRY
534,HENRY BERRY
551,HENRY BERRY
658,HENRY BERRY
665,HENRY BERRY
679,HENRY BERRY
754,HENRY BERRY
771,HENRY BERRY
783,HENRY BERRY
784,HENRY BERRY
805,HENRY BERRY
830,HENRY BERRY
835,HENRY BERRY
928,HENRY BERRY
952,HENRY BERRY
971,HENRY BERRY
986,HENRY BERRY
235,CHRISTIAN NEESON
237,CHRISTIAN NEESON
307,CHRISTIAN NEESON
362,CHRISTIAN NEESON
372,CHRISTIAN NEESON
374,CHRISTIAN NEESON
423,CHRISTIAN NEESON
433,CHRISTIAN NEESON
508,CHRISTIAN NEESON
518,CHRISTIAN NEESON
519,CHRISTIAN NEESON
535,CHRISTIAN NEESON
537,CHRISTIAN NEESON
585,CHRISTIAN NEESON
639,CHRISTIAN NEESON
648,CHRISTIAN NEESON
649,CHRISTIAN NEESON
703,CHRISTIAN NEESON
752,CHRISTIAN NEESON
766,CHRISTIAN NEESON
767,CHRISTIAN NEESON
780,CHRISTIAN NEESON
831,CHRISTIAN NEESON
832,CHRISTIAN NEESON
990,CHRISTIAN NEESON
6,JAYNE NEESON
42,JAYNE NEESON
54,JAYNE NEESON
100,JAYNE NEESON
101,JAYNE NEESON
129,JAYNE NEESON
198,JAYNE NEESON
211,JAYNE NEESON
231,JAYNE NEESON
272,JAYNE NEESON
295,JAYNE NEESON
337,JAYNE NEESON
375,JAYNE NEESON
385,JAYNE NEESON
393,JAYNE NEESON
398,JAYNE NEESON
406,JAYNE NEESON
413,JAYNE NEESON
428,JAYNE NEESON
445,JAYNE NEESON
457,JAYNE NEESON
465,JAYNE NEESON
688,JAYNE NEESON
707,JAYNE NEESON
719,JAYNE NEESON
951,JAYNE NEESON
981,JAYNE NEESON
988,JAYNE NEESON
990,JAYNE NEESON
73,CAMERON WRAY
134,CAMERON WRAY
167,CAMERON WRAY
208,CAMERON WRAY
225,CAMERON WRAY
248,CAMERON WRAY
249,CAMERON WRAY
278,CAMERON WRAY
392,CAMERON WRAY
517,CAMERON WRAY
633,CAMERON WRAY
763,CAMERON WRAY
781,CAMERON WRAY
809,CAMERON WRAY
893,CAMERON WRAY
932,CAMERON WRAY
944,CAMERON WRAY
945,CAMERON WRAY
981,CAMERON WRAY
3,RAY JOHANSSON
10,RAY JOHANSSON
37,RAY JOHANSSON
87,RAY JOHANSSON
88,RAY JOHANSSON
124,RAY JOHANSSON
197,RAY JOHANSSON
280,RAY JOHANSSON
291,RAY JOHANSSON
307,RAY JOHANSSON
335,RAY JOHANSSON
345,RAY JOHANSSON
448,RAY JOHANSSON
469,RAY JOHANSSON
471,RAY JOHANSSON
506,RAY JOHANSSON
543,RAY JOHANSSON
557,RAY JOHANSSON
569,RAY JOHANSSON
572,RAY JOHANSSON
597,RAY JOHANSSON
616,RAY JOHANSSON
646,RAY JOHANSSON
694,RAY JOHANSSON
832,RAY JOHANSSON
852,RAY JOHANSSON
860,RAY JOHANSSON
921,RAY JOHANSSON
925,RAY JOHANSSON
980,RAY JOHANSSON
39,ANGELA HUDSON
46,ANGELA HUDSON
97,ANGELA HUDSON
106,ANGELA HUDSON
117,ANGELA HUDSON
125,ANGELA HUDSON
158,ANGELA HUDSON
276,ANGELA HUDSON
305,ANGELA HUDSON
338,ANGELA HUDSON
347,ANGELA HUDSON
371,ANGELA HUDSON
398,ANGELA HUDSON
471,ANGELA HUDSON
475,ANGELA HUDSON
476,ANGELA HUDSON
491,ANGELA HUDSON
496,ANGELA HUDSON
516,ANGELA HUDSON
517,ANGELA HUDSON
541,ANGELA HUDSON
556,ANGELA HUDSON
571,ANGELA HUDSON
577,ANGELA HUDSON
615,ANGELA HUDSON
658,ANGELA HUDSON
683,ANGELA HUDSON
694,ANGELA HUDSON
714,ANGELA HUDSON
735,ANGELA HUDSON
852,ANGELA HUDSON
938,ANGELA HUDSON
951,ANGELA HUDSON
965,ANGELA HUDSON
55,MARY TANDY
143,MARY TANDY
207,MARY TANDY
226,MARY TANDY
229,MARY TANDY
230,MARY TANDY
283,MARY TANDY
300,MARY TANDY
342,MARY TANDY
350,MARY TANDY
361,MARY TANDY
376,MARY TANDY
424,MARY TANDY
434,MARY TANDY
553,MARY TANDY
608,MARY TANDY
676,MARY TANDY
697,MARY TANDY
706,MARY TANDY
725,MARY TANDY
769,MARY TANDY
793,MARY TANDY
829,MARY TANDY
871,MARY TANDY
909,MARY TANDY
915,MARY TANDY
928,MARY TANDY
951,MARY TANDY
957,MARY TANDY
960,MARY TANDY
999,MARY TANDY
24,JESSICA BAILEY
57,JESSICA BAILEY
67,JESSICA BAILEY
144,JESSICA BAILEY
242,JESSICA BAILEY
244,JESSICA BAILEY
256,JESSICA BAILEY
408,JESSICA BAILEY
477,JESSICA BAILEY
496,JESSICA BAILEY
512,JESSICA BAILEY
576,JESSICA BAILEY
601,JESSICA BAILEY
725,JESSICA BAILEY
726,JESSICA BAILEY
731,JESSICA BAILEY
766,JESSICA BAILEY
861,JESSICA BAILEY
870,JESSICA BAILEY
915,JESSICA BAILEY
945,JESSICA BAILEY
972,JESSICA BAILEY
981,JESSICA BAILEY
9,RIP WINSLET
45,RIP WINSLET
133,RIP WINSLET
161,RIP WINSLET
205,RIP WINSLET
213,RIP WINSLET
215,RIP WINSLET
255,RIP WINSLET
296,RIP WINSLET
315,RIP WINSLET
325,RIP WINSLET
331,RIP WINSLET
347,RIP WINSLET
357,RIP WINSLET
378,RIP WINSLET
380,RIP WINSLET
386,RIP WINSLET
396,RIP WINSLET
435,RIP WINSLET
497,RIP WINSLET
607,RIP WINSLET
654,RIP WINSLET
665,RIP WINSLET
671,RIP WINSLET
706,RIP WINSLET
747,RIP WINSLET
834,RIP WINSLET
839,RIP WINSLET
840,RIP WINSLET
971,RIP WINSLET
15,KENNETH PALTROW
88,KENNETH PALTROW
111,KENNETH PALTROW
202,KENNETH PALTROW
236,KENNETH PALTROW
292,KENNETH PALTROW
300,KENNETH PALTROW
306,KENNETH PALTROW
374,KENNETH PALTROW
396,KENNETH PALTROW
452,KENNETH PALTROW
466,KENNETH PALTROW
529,KENNETH PALTROW
612,KENNETH PALTROW
720,KENNETH PALTROW
722,KENNETH PALTROW
761,KENNETH PALTROW
791,KENNETH PALTROW
864,KENNETH PALTROW
877,KENNETH PALTROW
914,KENNETH PALTROW
50,MICHELLE MCCONAUGHEY
53,MICHELLE MCCONAUGHEY
92,MICHELLE MCCONAUGHEY
202,MICHELLE MCCONAUGHEY
227,MICHELLE MCCONAUGHEY
249,MICHELLE MCCONAUGHEY
290,MICHELLE MCCONAUGHEY
304,MICHELLE MCCONAUGHEY
343,MICHELLE MCCONAUGHEY
414,MICHELLE MCCONAUGHEY
453,MICHELLE MCCONAUGHEY
466,MICHELLE MCCONAUGHEY
504,MICHELLE MCCONAUGHEY
584,MICHELLE MCCONAUGHEY
628,MICHELLE MCCONAUGHEY
654,MICHELLE MCCONAUGHEY
725,MICHELLE MCCONAUGHEY
823,MICHELLE MCCONAUGHEY
834,MICHELLE MCCONAUGHEY
856,MICHELLE MCCONAUGHEY
869,MICHELLE MCCONAUGHEY
953,MICHELLE MCCONAUGHEY
964,MICHELLE MCCONAUGHEY
26,ADAM GRANT
52,ADAM GRANT
233,ADAM GRANT
317,ADAM GRANT
359,ADAM GRANT
362,ADAM GRANT
385,ADAM GRANT
399,ADAM GRANT
450,ADAM GRANT
532,ADAM GRANT
560,ADAM GRANT
574,ADAM GRANT
638,ADAM GRANT
773,ADAM GRANT
833,ADAM GRANT
874,ADAM GRANT
918,ADAM GRANT
956,ADAM GRANT
34,SEAN WILLIAMS
144,SEAN WILLIAMS
237,SEAN WILLIAMS
249,SEAN WILLIAMS
286,SEAN WILLIAMS
296,SEAN WILLIAMS
325,SEAN WILLIAMS
331,SEAN WILLIAMS
405,SEAN WILLIAMS
450,SEAN WILLIAMS
550,SEAN WILLIAMS
609,SEAN WILLIAMS
623,SEAN WILLIAMS
636,SEAN WILLIAMS
640,SEAN WILLIAMS
665,SEAN WILLIAMS
718,SEAN WILLIAMS
743,SEAN WILLIAMS
757,SEAN WILLIAMS
773,SEAN WILLIAMS
854,SEAN WILLIAMS
865,SEAN WILLIAMS
938,SEAN WILLIAMS
956,SEAN WILLIAMS
964,SEAN WILLIAMS
969,SEAN WILLIAMS
36,GARY PENN
45,GARY PENN
51,GARY PENN
77,GARY PENN
148,GARY PENN
245,GARY PENN
275,GARY PENN
322,GARY PENN
374,GARY PENN
379,GARY PENN
467,GARY PENN
548,GARY PENN
561,GARY PENN
562,GARY PENN
565,GARY PENN
627,GARY PENN
666,GARY PENN
667,GARY PENN
707,GARY PENN
748,GARY PENN
772,GARY PENN
823,GARY PENN
936,GARY PENN
946,GARY PENN
950,GARY PENN
998,GARY PENN
28,MILLA KEITEL
44,MILLA KEITEL
117,MILLA KEITEL
185,MILLA KEITEL
192,MILLA KEITEL
203,MILLA KEITEL
263,MILLA KEITEL
321,MILLA KEITEL
415,MILLA KEITEL
484,MILLA KEITEL
503,MILLA KEITEL
537,MILLA KEITEL
543,MILLA KEITEL
617,MILLA KEITEL
626,MILLA KEITEL
637,MILLA KEITEL
663,MILLA KEITEL
704,MILLA KEITEL
720,MILLA KEITEL
747,MILLA KEITEL
780,MILLA KEITEL
804,MILLA KEITEL
834,MILLA KEITEL
836,MILLA KEITEL
848,MILLA KEITEL
872,MILLA KEITEL
902,MILLA KEITEL
956,MILLA KEITEL
12,BURT POSEY
34,BURT POSEY
143,BURT POSEY
170,BURT POSEY
222,BURT POSEY
301,BURT POSEY
347,BURT POSEY
372,BURT POSEY
436,BURT POSEY
445,BURT POSEY
446,BURT POSEY
492,BURT POSEY
498,BURT POSEY
508,BURT POSEY
541,BURT POSEY
547,BURT POSEY
579,BURT POSEY
645,BURT POSEY
667,BURT POSEY
744,BURT POSEY
764,BURT POSEY
780,BURT POSEY
870,BURT POSEY
920,BURT POSEY
60,ANGELINA ASTAIRE
66,ANGELINA ASTAIRE
68,ANGELINA ASTAIRE
95,ANGELINA ASTAIRE
122,ANGELINA ASTAIRE
187,ANGELINA ASTAIRE
223,ANGELINA ASTAIRE
234,ANGELINA ASTAIRE
251,ANGELINA ASTAIRE
348,ANGELINA ASTAIRE
444,ANGELINA ASTAIRE
464,ANGELINA ASTAIRE
474,ANGELINA ASTAIRE
498,ANGELINA ASTAIRE
568,ANGELINA ASTAIRE
604,ANGELINA ASTAIRE
606,ANGELINA ASTAIRE
642,ANGELINA ASTAIRE
648,ANGELINA ASTAIRE
650,ANGELINA ASTAIRE
709,ANGELINA ASTAIRE
760,ANGELINA ASTAIRE
765,ANGELINA ASTAIRE
781,ANGELINA ASTAIRE
850,ANGELINA ASTAIRE
862,ANGELINA ASTAIRE
866,ANGELINA ASTAIRE
870,ANGELINA ASTAIRE
912,ANGELINA ASTAIRE
935,ANGELINA ASTAIRE
958,ANGELINA ASTAIRE
13,CARY MCCONAUGHEY
22,CARY MCCONAUGHEY
40,CARY MCCONAUGHEY
73,CARY MCCONAUGHEY
78,CARY MCCONAUGHEY
153,CARY MCCONAUGHEY
224,CARY MCCONAUGHEY
240,CARY MCCONAUGHEY
245,CARY MCCONAUGHEY
261,CARY MCCONAUGHEY
343,CARY MCCONAUGHEY
442,CARY MCCONAUGHEY
458,CARY MCCONAUGHEY
538,CARY MCCONAUGHEY
566,CARY MCCONAUGHEY
612,CARY MCCONAUGHEY
635,CARY MCCONAUGHEY
694,CARY MCCONAUGHEY
749,CARY MCCONAUGHEY
938,CARY MCCONAUGHEY
943,CARY MCCONAUGHEY
963,CARY MCCONAUGHEY
969,CARY MCCONAUGHEY
993,CARY MCCONAUGHEY
86,GROUCHO SINATRA
239,GROUCHO SINATRA
260,GROUCHO SINATRA
261,GROUCHO SINATRA
265,GROUCHO SINATRA
301,GROUCHO SINATRA
387,GROUCHO SINATRA
393,GROUCHO SINATRA
428,GROUCHO SINATRA
457,GROUCHO SINATRA
505,GROUCHO SINATRA
520,GROUCHO SINATRA
530,GROUCHO SINATRA
549,GROUCHO SINATRA
552,GROUCHO SINATRA
599,GROUCHO SINATRA
670,GROUCHO SINATRA
674,GROUCHO SINATRA
689,GROUCHO SINATRA
762,GROUCHO SINATRA
767,GROUCHO SINATRA
811,GROUCHO SINATRA
852,GROUCHO SINATRA
880,GROUCHO SINATRA
963,GROUCHO SINATRA
968,GROUCHO SINATRA
32,MAE HOFFMAN
33,MAE HOFFMAN
40,MAE HOFFMAN
141,MAE HOFFMAN
205,MAE HOFFMAN
230,MAE HOFFMAN
242,MAE HOFFMAN
262,MAE HOFFMAN
267,MAE HOFFMAN
269,MAE HOFFMAN
299,MAE HOFFMAN
367,MAE HOFFMAN
428,MAE HOFFMAN
430,MAE HOFFMAN
473,MAE HOFFMAN
607,MAE HOFFMAN
628,MAE HOFFMAN
634,MAE HOFFMAN
646,MAE HOFFMAN
727,MAE HOFFMAN
750,MAE HOFFMAN
753,MAE HOFFMAN
769,MAE HOFFMAN
776,MAE HOFFMAN
788,MAE HOFFMAN
840,MAE HOFFMAN
853,MAE HOFFMAN
916,MAE HOFFMAN
69,RALPH CRUZ
118,RALPH CRUZ
124,RALPH CRUZ
175,RALPH CRUZ
207,RALPH CRUZ
212,RALPH CRUZ
260,RALPH CRUZ
262,RALPH CRUZ
280,RALPH CRUZ
341,RALPH CRUZ
342,RALPH CRUZ
343,RALPH CRUZ
362,RALPH CRUZ
436,RALPH CRUZ
475,RALPH CRUZ
553,RALPH CRUZ
619,RALPH CRUZ
622,RALPH CRUZ
680,RALPH CRUZ
687,RALPH CRUZ
688,RALPH CRUZ
709,RALPH CRUZ
788,RALPH CRUZ
807,RALPH CRUZ
858,RALPH CRUZ
888,RALPH CRUZ
941,RALPH CRUZ
979,RALPH CRUZ
4,SCARLETT DAMON
11,SCARLETT DAMON
59,SCARLETT DAMON
89,SCARLETT DAMON
178,SCARLETT DAMON
186,SCARLETT DAMON
194,SCARLETT DAMON
215,SCARLETT DAMON
219,SCARLETT DAMON
232,SCARLETT DAMON
260,SCARLETT DAMON
267,SCARLETT DAMON
268,SCARLETT DAMON
304,SCARLETT DAMON
332,SCARLETT DAMON
389,SCARLETT DAMON
398,SCARLETT DAMON
453,SCARLETT DAMON
458,SCARLETT DAMON
465,SCARLETT DAMON
505,SCARLETT DAMON
508,SCARLETT DAMON
527,SCARLETT DAMON
545,SCARLETT DAMON
564,SCARLETT DAMON
578,SCARLETT DAMON
579,SCARLETT DAMON
613,SCARLETT DAMON
619,SCARLETT DAMON
643,SCARLETT DAMON
692,SCARLETT DAMON
710,SCARLETT DAMON
729,SCARLETT DAMON
761,SCARLETT DAMON
827,SCARLETT DAMON
910,SCARLETT DAMON
17,WOODY JOLIE
33,WOODY JOLIE
104,WOODY JOLIE
143,WOODY JOLIE
188,WOODY JOLIE
242,WOODY JOLIE
247,WOODY JOLIE
290,WOODY JOLIE
306,WOODY JOLIE
316,WOODY JOLIE
344,WOODY JOLIE
453,WOODY JOLIE
468,WOODY JOLIE
480,WOODY JOLIE
497,WOODY JOLIE
503,WOODY JOLIE
527,WOODY JOLIE
551,WOODY JOLIE
561,WOODY JOLIE
750,WOODY JOLIE
787,WOODY JOLIE
802,WOODY JOLIE
838,WOODY JOLIE
839,WOODY JOLIE
870,WOODY JOLIE
877,WOODY JOLIE
893,WOODY JOLIE
911,WOODY JOLIE
954,WOODY JOLIE
978,WOODY JOLIE
985,WOODY JOLIE
49,BEN WILLIS
52,BEN WILLIS
58,BEN WILLIS
110,BEN WILLIS
120,BEN WILLIS
121,BEN WILLIS
135,BEN WILLIS
165,BEN WILLIS
217,BEN WILLIS
247,BEN WILLIS
249,BEN WILLIS
263,BEN WILLIS
268,BEN WILLIS
279,BEN WILLIS
281,BEN WILLIS
339,BEN WILLIS
340,BEN WILLIS
369,BEN WILLIS
412,BEN WILLIS
519,BEN WILLIS
529,BEN WILLIS
615,BEN WILLIS
631,BEN WILLIS
655,BEN WILLIS
672,BEN WILLIS
686,BEN WILLIS
719,BEN WILLIS
764,BEN WILLIS
777,BEN WILLIS
784,BEN WILLIS
833,BEN WILLIS
873,BEN WILLIS
932,BEN WILLIS
19,JAMES PITT
39,JAMES PITT
46,JAMES PITT
175,JAMES PITT
238,JAMES PITT
281,JAMES PITT
290,JAMES PITT
312,JAMES PITT
317,JAMES PITT
413,JAMES PITT
414,JAMES PITT
460,JAMES PITT
479,JAMES PITT
491,JAMES PITT
529,JAMES PITT
540,JAMES PITT
566,JAMES PITT
574,JAMES PITT
589,JAMES PITT
616,JAMES PITT
646,JAMES PITT
703,JAMES PITT
729,JAMES PITT
764,JAMES PITT
782,JAMES PITT
809,JAMES PITT
830,JAMES PITT
843,JAMES PITT
887,JAMES PITT
975,JAMES PITT
996,JAMES PITT
2,MINNIE ZELLWEGER
14,MINNIE ZELLWEGER
72,MINNIE ZELLWEGER
85,MINNIE ZELLWEGER
92,MINNIE ZELLWEGER
148,MINNIE ZELLWEGER
216,MINNIE ZELLWEGER
290,MINNIE ZELLWEGER
296,MINNIE ZELLWEGER
297,MINNIE ZELLWEGER
337,MINNIE ZELLWEGER
383,MINNIE ZELLWEGER
421,MINNIE ZELLWEGER
446,MINNIE ZELLWEGER
461,MINNIE ZELLWEGER
475,MINNIE ZELLWEGER
478,MINNIE ZELLWEGER
522,MINNIE ZELLWEGER
543,MINNIE ZELLWEGER
558,MINNIE ZELLWEGER
591,MINNIE ZELLWEGER
630,MINNIE ZELLWEGER
678,MINNIE ZELLWEGER
711,MINNIE ZELLWEGER
761,MINNIE ZELLWEGER
812,MINNIE ZELLWEGER
869,MINNIE ZELLWEGER
875,MINNIE ZELLWEGER
895,MINNIE ZELLWEGER
957,MINNIE ZELLWEGER
960,MINNIE ZELLWEGER
137,GREG CHAPLIN
163,GREG CHAPLIN
196,GREG CHAPLIN
216,GREG CHAPLIN
249,GREG CHAPLIN
303,GREG CHAPLIN
331,GREG CHAPLIN
364,GREG CHAPLIN
391,GREG CHAPLIN
432,GREG CHAPLIN
482,GREG CHAPLIN
486,GREG CHAPLIN
519,GREG CHAPLIN
520,GREG CHAPLIN
548,GREG CHAPLIN
623,GREG CHAPLIN
631,GREG CHAPLIN
636,GREG CHAPLIN
752,GREG CHAPLIN
760,GREG CHAPLIN
808,GREG CHAPLIN
857,GREG CHAPLIN
878,GREG CHAPLIN
893,GREG CHAPLIN
905,GREG CHAPLIN
923,GREG CHAPLIN
929,GREG CHAPLIN
48,SPENCER PECK
157,SPENCER PECK
161,SPENCER PECK
199,SPENCER PECK
207,SPENCER PECK
250,SPENCER PECK
253,SPENCER PECK
312,SPENCER PECK
421,SPENCER PECK
570,SPENCER PECK
599,SPENCER PECK
606,SPENCER PECK
654,SPENCER PECK
679,SPENCER PECK
706,SPENCER PECK
718,SPENCER PECK
721,SPENCER PECK
830,SPENCER PECK
870,SPENCER PECK
952,SPENCER PECK
961,SPENCER PECK
4,KENNETH PESCI
76,KENNETH PESCI
87,KENNETH PESCI
128,KENNETH PESCI
170,KENNETH PESCI
193,KENNETH PESCI
234,KENNETH PESCI
304,KENNETH PESCI
602,KENNETH PESCI
620,KENNETH PESCI
668,KENNETH PESCI
717,KENNETH PESCI
785,KENNETH PESCI
819,KENNETH PESCI
839,KENNETH PESCI
881,KENNETH PESCI
908,KENNETH PESCI
929,KENNETH PESCI
940,KENNETH PESCI
968,KENNETH PESCI
47,CHARLIZE DENCH
103,CHARLIZE DENCH
117,CHARLIZE DENCH
162,CHARLIZE DENCH
182,CHARLIZE DENCH
187,CHARLIZE DENCH
212,CHARLIZE DENCH
254,CHARLIZE DENCH
266,CHARLIZE DENCH
306,CHARLIZE DENCH
342,CHARLIZE DENCH
406,CHARLIZE DENCH
410,CHARLIZE DENCH
446,CHARLIZE DENCH
473,CHARLIZE DENCH
488,CHARLIZE DENCH
529,CHARLIZE DENCH
542,CHARLIZE DENCH
564,CHARLIZE DENCH
697,CHARLIZE DENCH
833,CHARLIZE DENCH
864,CHARLIZE DENCH
970,CHARLIZE DENCH
976,CHARLIZE DENCH
2,SEAN GUINESS
11,SEAN GUINESS
100,SEAN GUINESS
197,SEAN GUINESS
212,SEAN GUINESS
262,SEAN GUINESS
303,SEAN GUINESS
330,SEAN GUINESS
363,SEAN GUINESS
374,SEAN GUINESS
384,SEAN GUINESS
385,SEAN GUINESS
391,SEAN GUINESS
406,SEAN GUINESS
433,SEAN GUINESS
442,SEAN GUINESS
451,SEAN GUINESS
520,SEAN GUINESS
529,SEAN GUINESS
542,SEAN GUINESS
586,SEAN GUINESS
633,SEAN GUINESS
663,SEAN GUINESS
676,SEAN GUINESS
771,SEAN GUINESS
817,SEAN GUINESS
838,SEAN GUINESS
855,SEAN GUINESS
858,SEAN GUINESS
868,SEAN GUINESS
880,SEAN GUINESS
901,SEAN GUINESS
925,SEAN GUINESS
13,CHRISTOPHER BERRY
25,CHRISTOPHER BERRY
48,CHRISTOPHER BERRY
176,CHRISTOPHER BERRY
181,CHRISTOPHER BERRY
190,CHRISTOPHER BERRY
335,CHRISTOPHER BERRY
416,CHRISTOPHER BERRY
447,CHRISTOPHER BERRY
480,CHRISTOPHER BERRY
493,CHRISTOPHER BERRY
509,CHRISTOPHER BERRY
511,CHRISTOPHER BERRY
608,CHRISTOPHER BERRY
807,CHRISTOPHER BERRY
829,CHRISTOPHER BERRY
849,CHRISTOPHER BERRY
859,CHRISTOPHER BERRY
941,CHRISTOPHER BERRY
982,CHRISTOPHER BERRY
90,KIRSTEN AKROYD
94,KIRSTEN AKROYD
103,KIRSTEN AKROYD
104,KIRSTEN AKROYD
123,KIRSTEN AKROYD
137,KIRSTEN AKROYD
207,KIRSTEN AKROYD
229,KIRSTEN AKROYD
338,KIRSTEN AKROYD
381,KIRSTEN AKROYD
436,KIRSTEN AKROYD
443,KIRSTEN AKROYD
453,KIRSTEN AKROYD
470,KIRSTEN AKROYD
505,KIRSTEN AKROYD
512,KIRSTEN AKROYD
543,KIRSTEN AKROYD
545,KIRSTEN AKROYD
547,KIRSTEN AKROYD
553,KIRSTEN AKROYD
564,KIRSTEN AKROYD
568,KIRSTEN AKROYD
618,KIRSTEN AKROYD
662,KIRSTEN AKROYD
686,KIRSTEN AKROYD
699,KIRSTEN AKROYD
712,KIRSTEN AKROYD
728,KIRSTEN AKROYD
802,KIRSTEN AKROYD
825,KIRSTEN AKROYD
838,KIRSTEN AKROYD
889,KIRSTEN AKROYD
929,KIRSTEN AKROYD
991,KIRSTEN AKROYD
71,ELLEN PRESLEY
120,ELLEN PRESLEY
124,ELLEN PRESLEY
280,ELLEN PRESLEY
325,ELLEN PRESLEY
339,ELLEN PRESLEY
427,ELLEN PRESLEY
445,ELLEN PRESLEY
453,ELLEN PRESLEY
473,ELLEN PRESLEY
573,ELLEN PRESLEY
621,ELLEN PRESLEY
644,ELLEN PRESLEY
678,ELLEN PRESLEY
680,ELLEN PRESLEY
699,ELLEN PRESLEY
744,ELLEN PRESLEY
768,ELLEN PRESLEY
777,ELLEN PRESLEY
835,ELLEN PRESLEY
856,ELLEN PRESLEY
874,ELLEN PRESLEY
909,ELLEN PRESLEY
916,ELLEN PRESLEY
982,ELLEN PRESLEY
13,KENNETH TORN
60,KENNETH TORN
76,KENNETH TORN
122,KENNETH TORN
153,KENNETH TORN
193,KENNETH TORN
206,KENNETH TORN
228,KENNETH TORN
270,KENNETH TORN
275,KENNETH TORN
320,KENNETH TORN
322,KENNETH TORN
337,KENNETH TORN
354,KENNETH TORN
402,KENNETH TORN
428,KENNETH TORN
457,KENNETH TORN
473,KENNETH TORN
475,KENNETH TORN
512,KENNETH TORN
517,KENNETH TORN
521,KENNETH TORN
533,KENNETH TORN
540,KENNETH TORN
548,KENNETH TORN
551,KENNETH TORN
712,KENNETH TORN
713,KENNETH TORN
724,KENNETH TORN
775,KENNETH TORN
788,KENNETH TORN
950,KENNETH TORN
989,KENNETH TORN
22,DARYL WAHLBERG
35,DARYL WAHLBERG
47,DARYL WAHLBERG
52,DARYL WAHLBERG
65,DARYL WAHLBERG
74,DARYL WAHLBERG
126,DARYL WAHLBERG
207,DARYL WAHLBERG
245,DARYL WAHLBERG
294,DARYL WAHLBERG
301,DARYL WAHLBERG
312,DARYL WAHLBERG
329,DARYL WAHLBERG
353,DARYL WAHLBERG
375,DARYL WAHLBERG
420,DARYL WAHLBERG
424,DARYL WAHLBERG
431,DARYL WAHLBERG
498,DARYL WAHLBERG
522,DARYL WAHLBERG
546,DARYL WAHLBERG
551,DARYL WAHLBERG
619,DARYL WAHLBERG
627,DARYL WAHLBERG
690,DARYL WAHLBERG
748,DARYL WAHLBERG
813,DARYL WAHLBERG
828,DARYL WAHLBERG
855,DARYL WAHLBERG
903,DARYL WAHLBERG
923,DARYL WAHLBERG
8,GENE WILLIS
36,GENE WILLIS
40,GENE WILLIS
54,GENE WILLIS
58,GENE WILLIS
66,GENE WILLIS
134,GENE WILLIS
209,GENE WILLIS
244,GENE WILLIS
320,GENE WILLIS
430,GENE WILLIS
452,GENE WILLIS
486,GENE WILLIS
572,GENE WILLIS
590,GENE WILLIS
661,GENE WILLIS
778,GENE WILLIS
832,GENE WILLIS
846,GENE WILLIS
874,GENE WILLIS
945,GENE WILLIS
968,GENE WILLIS
987,GENE WILLIS
143,MEG HAWKE
177,MEG HAWKE
188,MEG HAWKE
197,MEG HAWKE
256,MEG HAWKE
312,MEG HAWKE
342,MEG HAWKE
348,MEG HAWKE
358,MEG HAWKE
370,MEG HAWKE
437,MEG HAWKE
446,MEG HAWKE
466,MEG HAWKE
518,MEG HAWKE
553,MEG HAWKE
561,MEG HAWKE
641,MEG HAWKE
656,MEG HAWKE
728,MEG HAWKE
755,MEG HAWKE
757,MEG HAWKE
826,MEG HAWKE
862,MEG HAWKE
930,MEG HAWKE
933,MEG HAWKE
947,MEG HAWKE
951,MEG HAWKE
66,CHRIS BRIDGES
72,CHRIS BRIDGES
81,CHRIS BRIDGES
87,CHRIS BRIDGES
107,CHRIS BRIDGES
120,CHRIS BRIDGES
183,CHRIS BRIDGES
194,CHRIS BRIDGES
212,CHRIS BRIDGES
297,CHRIS BRIDGES
607,CHRIS BRIDGES
634,CHRIS BRIDGES
686,CHRIS BRIDGES
705,CHRIS BRIDGES
710,CHRIS BRIDGES
721,CHRIS BRIDGES
725,CHRIS BRIDGES
734,CHRIS BRIDGES
738,CHRIS BRIDGES
765,CHRIS BRIDGES
782,CHRIS BRIDGES
824,CHRIS BRIDGES
829,CHRIS BRIDGES
912,CHRIS BRIDGES
955,CHRIS BRIDGES
985,CHRIS BRIDGES
990,CHRIS BRIDGES
7,JIM MOSTEL
27,JIM MOSTEL
84,JIM MOSTEL
250,JIM MOSTEL
322,JIM MOSTEL
325,JIM MOSTEL
381,JIM MOSTEL
414,JIM MOSTEL
475,JIM MOSTEL
490,JIM MOSTEL
512,JIM MOSTEL
540,JIM MOSTEL
572,JIM MOSTEL
600,JIM MOSTEL
618,JIM MOSTEL
620,JIM MOSTEL
622,JIM MOSTEL
636,JIM MOSTEL
672,JIM MOSTEL
726,JIM MOSTEL
741,JIM MOSTEL
796,JIM MOSTEL
835,JIM MOSTEL
967,JIM MOSTEL
978,JIM MOSTEL
982,JIM MOSTEL
17,SPENCER DEPP
118,SPENCER DEPP
250,SPENCER DEPP
411,SPENCER DEPP
414,SPENCER DEPP
513,SPENCER DEPP
563,SPENCER DEPP
642,SPENCER DEPP
714,SPENCER DEPP
718,SPENCER DEPP
759,SPENCER DEPP
779,SPENCER DEPP
815,SPENCER DEPP
846,SPENCER DEPP
850,SPENCER DEPP
872,SPENCER DEPP
877,SPENCER DEPP
909,SPENCER DEPP
919,SPENCER DEPP
944,SPENCER DEPP
967,SPENCER DEPP
979,SPENCER DEPP
991,SPENCER DEPP
992,SPENCER DEPP
60,SUSAN DAVIS
66,SUSAN DAVIS
85,SUSAN DAVIS
146,SUSAN DAVIS
189,SUSAN DAVIS
250,SUSAN DAVIS
255,SUSAN DAVIS
263,SUSAN DAVIS
275,SUSAN DAVIS
289,SUSAN DAVIS
491,SUSAN DAVIS
494,SUSAN DAVIS
511,SUSAN DAVIS
568,SUSAN DAVIS
608,SUSAN DAVIS
617,SUSAN DAVIS
655,SUSAN DAVIS
662,SUSAN DAVIS
700,SUSAN DAVIS
702,SUSAN DAVIS
758,SUSAN DAVIS
774,SUSAN DAVIS
787,SUSAN DAVIS
828,SUSAN DAVIS
841,SUSAN DAVIS
928,SUSAN DAVIS
932,SUSAN DAVIS
936,SUSAN DAVIS
941,SUSAN DAVIS
978,SUSAN DAVIS
980,SUSAN DAVIS
984,SUSAN DAVIS
988,SUSAN DAVIS
20,WALTER TORN
34,WALTER TORN
53,WALTER TORN
123,WALTER TORN
124,WALTER TORN
194,WALTER TORN
200,WALTER TORN
205,WALTER TORN
268,WALTER TORN
326,WALTER TORN
329,WALTER TORN
334,WALTER TORN
351,WALTER TORN
418,WALTER TORN
431,WALTER TORN
446,WALTER TORN
485,WALTER TORN
508,WALTER TORN
517,WALTER TORN
521,WALTER TORN
526,WALTER TORN
529,WALTER TORN
544,WALTER TORN
600,WALTER TORN
605,WALTER TORN
606,WALTER TORN
624,WALTER TORN
631,WALTER TORN
712,WALTER TORN
728,WALTER TORN
744,WALTER TORN
796,WALTER TORN
802,WALTER TORN
810,WALTER TORN
828,WALTER TORN
837,WALTER TORN
845,WALTER TORN
852,WALTER TORN
958,WALTER TORN
979,WALTER TORN
980,WALTER TORN
5,MATTHEW LEIGH
118,MATTHEW LEIGH
130,MATTHEW LEIGH
197,MATTHEW LEIGH
199,MATTHEW LEIGH
206,MATTHEW LEIGH
215,MATTHEW LEIGH
221,MATTHEW LEIGH
271,MATTHEW LEIGH
285,MATTHEW LEIGH
315,MATTHEW LEIGH
318,MATTHEW LEIGH
333,MATTHEW LEIGH
347,MATTHEW LEIGH
356,MATTHEW LEIGH
360,MATTHEW LEIGH
378,MATTHEW LEIGH
437,MATTHEW LEIGH
585,MATTHEW LEIGH
609,MATTHEW LEIGH
639,MATTHEW LEIGH
643,MATTHEW LEIGH
692,MATTHEW LEIGH
735,MATTHEW LEIGH
822,MATTHEW LEIGH
895,MATTHEW LEIGH
903,MATTHEW LEIGH
912,MATTHEW LEIGH
942,MATTHEW LEIGH
956,MATTHEW LEIGH
19,PENELOPE CRONYN
39,PENELOPE CRONYN
40,PENELOPE CRONYN
59,PENELOPE CRONYN
70,PENELOPE CRONYN
136,PENELOPE CRONYN
156,PENELOPE CRONYN
184,PENELOPE CRONYN
198,PENELOPE CRONYN
233,PENELOPE CRONYN
259,PENELOPE CRONYN
287,PENELOPE CRONYN
309,PENELOPE CRONYN
313,PENELOPE CRONYN
394,PENELOPE CRONYN
401,PENELOPE CRONYN
463,PENELOPE CRONYN
506,PENELOPE CRONYN
516,PENELOPE CRONYN
583,PENELOPE CRONYN
600,PENELOPE CRONYN
607,PENELOPE CRONYN
657,PENELOPE CRONYN
677,PENELOPE CRONYN
739,PENELOPE CRONYN
892,PENELOPE CRONYN
904,PENELOPE CRONYN
926,PENELOPE CRONYN
945,PENELOPE CRONYN
984,PENELOPE CRONYN
999,PENELOPE CRONYN
12,SIDNEY CROWE
15,SIDNEY CROWE
21,SIDNEY CROWE
29,SIDNEY CROWE
42,SIDNEY CROWE
116,SIDNEY CROWE
158,SIDNEY CROWE
239,SIDNEY CROWE
280,SIDNEY CROWE
283,SIDNEY CROWE
315,SIDNEY CROWE
333,SIDNEY CROWE
372,SIDNEY CROWE
377,SIDNEY CROWE
530,SIDNEY CROWE
558,SIDNEY CROWE
561,SIDNEY CROWE
606,SIDNEY CROWE
649,SIDNEY CROWE
686,SIDNEY CROWE
750,SIDNEY CROWE
795,SIDNEY CROWE
831,SIDNEY CROWE
835,SIDNEY CROWE
858,SIDNEY CROWE
864,SIDNEY CROWE
893,SIDNEY CROWE
906,SIDNEY CROWE
910,SIDNEY CROWE
915,SIDNEY CROWE
954,SIDNEY CROWE
990,SIDNEY CROWE
993,SIDNEY CROWE
994,SIDNEY CROWE
44,GROUCHO DUNST
83,GROUCHO DUNST
108,GROUCHO DUNST
126,GROUCHO DUNST
136,GROUCHO DUNST
166,GROUCHO DUNST
189,GROUCHO DUNST
194,GROUCHO DUNST
204,GROUCHO DUNST
229,GROUCHO DUNST
241,GROUCHO DUNST
345,GROUCHO DUNST
365,GROUCHO DUNST
399,GROUCHO DUNST
439,GROUCHO DUNST
457,GROUCHO DUNST
469,GROUCHO DUNST
500,GROUCHO DUNST
505,GROUCHO DUNST
559,GROUCHO DUNST
566,GROUCHO DUNST
585,GROUCHO DUNST
639,GROUCHO DUNST
654,GROUCHO DUNST
659,GROUCHO DUNST
675,GROUCHO DUNST
687,GROUCHO DUNST
752,GROUCHO DUNST
763,GROUCHO DUNST
780,GROUCHO DUNST
858,GROUCHO DUNST
866,GROUCHO DUNST
881,GROUCHO DUNST
894,GROUCHO DUNST
934,GROUCHO DUNST
62,GINA DEGENERES
112,GINA DEGENERES
133,GINA DEGENERES
136,GINA DEGENERES
138,GINA DEGENERES
162,GINA DEGENERES
165,GINA DEGENERES
172,GINA DEGENERES
209,GINA DEGENERES
220,GINA DEGENERES
239,GINA DEGENERES
277,GINA DEGENERES
292,GINA DEGENERES
338,GINA DEGENERES
348,GINA DEGENERES
369,GINA DEGENERES
388,GINA DEGENERES
392,GINA DEGENERES
409,GINA DEGENERES
430,GINA DEGENERES
445,GINA DEGENERES
454,GINA DEGENERES
458,GINA DEGENERES
467,GINA DEGENERES
520,GINA DEGENERES
534,GINA DEGENERES
548,GINA DEGENERES
571,GINA DEGENERES
574,GINA DEGENERES
603,GINA DEGENERES
606,GINA DEGENERES
637,GINA DEGENERES
774,GINA DEGENERES
781,GINA DEGENERES
796,GINA DEGENERES
831,GINA DEGENERES
849,GINA DEGENERES
859,GINA DEGENERES
879,GINA DEGENERES
905,GINA DEGENERES
973,GINA DEGENERES
977,GINA DEGENERES
1,WARREN NOLTE
6,WARREN NOLTE
9,WARREN NOLTE
137,WARREN NOLTE
208,WARREN NOLTE
219,WARREN NOLTE
242,WARREN NOLTE
278,WARREN NOLTE
302,WARREN NOLTE
350,WARREN NOLTE
378,WARREN NOLTE
379,WARREN NOLTE
495,WARREN NOLTE
507,WARREN NOLTE
517,WARREN NOLTE
561,WARREN NOLTE
567,WARREN NOLTE
648,WARREN NOLTE
652,WARREN NOLTE
655,WARREN NOLTE
673,WARREN NOLTE
693,WARREN NOLTE
696,WARREN NOLTE
702,WARREN NOLTE
721,WARREN NOLTE
733,WARREN NOLTE
741,WARREN NOLTE
744,WARREN NOLTE
887,WARREN NOLTE
892,WARREN NOLTE
894,WARREN NOLTE
920,WARREN NOLTE
958,WARREN NOLTE
966,WARREN NOLTE
12,SYLVESTER DERN
48,SYLVESTER DERN
77,SYLVESTER DERN
157,SYLVESTER DERN
174,SYLVESTER DERN
190,SYLVESTER DERN
243,SYLVESTER DERN
281,SYLVESTER DERN
393,SYLVESTER DERN
463,SYLVESTER DERN
622,SYLVESTER DERN
657,SYLVESTER DERN
694,SYLVESTER DERN
700,SYLVESTER DERN
732,SYLVESTER DERN
753,SYLVESTER DERN
785,SYLVESTER DERN
786,SYLVESTER DERN
863,SYLVESTER DERN
885,SYLVESTER DERN
955,SYLVESTER DERN
967,SYLVESTER DERN
8,SUSAN DAVIS
27,SUSAN DAVIS
62,SUSAN DAVIS
120,SUSAN DAVIS
126,SUSAN DAVIS
156,SUSAN DAVIS
292,SUSAN DAVIS
343,SUSAN DAVIS
360,SUSAN DAVIS
369,SUSAN DAVIS
435,SUSAN DAVIS
513,SUSAN DAVIS
525,SUSAN DAVIS
539,SUSAN DAVIS
545,SUSAN DAVIS
625,SUSAN DAVIS
650,SUSAN DAVIS
801,SUSAN DAVIS
912,SUSAN DAVIS
961,SUSAN DAVIS
987,SUSAN DAVIS
61,CAMERON ZELLWEGER
78,CAMERON ZELLWEGER
98,CAMERON ZELLWEGER
162,CAMERON ZELLWEGER
179,CAMERON ZELLWEGER
194,CAMERON ZELLWEGER
325,CAMERON ZELLWEGER
359,CAMERON ZELLWEGER
382,CAMERON ZELLWEGER
403,CAMERON ZELLWEGER
407,CAMERON ZELLWEGER
414,CAMERON ZELLWEGER
474,CAMERON ZELLWEGER
489,CAMERON ZELLWEGER
508,CAMERON ZELLWEGER
555,CAMERON ZELLWEGER
603,CAMERON ZELLWEGER
608,CAMERON ZELLWEGER
643,CAMERON ZELLWEGER
669,CAMERON ZELLWEGER
679,CAMERON ZELLWEGER
680,CAMERON ZELLWEGER
699,CAMERON ZELLWEGER
731,CAMERON ZELLWEGER
732,CAMERON ZELLWEGER
737,CAMERON ZELLWEGER
744,CAMERON ZELLWEGER
777,CAMERON ZELLWEGER
847,CAMERON ZELLWEGER
894,CAMERON ZELLWEGER
919,CAMERON ZELLWEGER
962,CAMERON ZELLWEGER
973,CAMERON ZELLWEGER
34,RUSSELL BACALL
37,RUSSELL BACALL
151,RUSSELL BACALL
173,RUSSELL BACALL
188,RUSSELL BACALL
231,RUSSELL BACALL
312,RUSSELL BACALL
322,RUSSELL BACALL
443,RUSSELL BACALL
450,RUSSELL BACALL
565,RUSSELL BACALL
603,RUSSELL BACALL
606,RUSSELL BACALL
654,RUSSELL BACALL
666,RUSSELL BACALL
700,RUSSELL BACALL
728,RUSSELL BACALL
772,RUSSELL BACALL
796,RUSSELL BACALL
817,RUSSELL BACALL
829,RUSSELL BACALL
856,RUSSELL BACALL
865,RUSSELL BACALL
869,RUSSELL BACALL
988,RUSSELL BACALL
35,MORGAN HOPKINS
84,MORGAN HOPKINS
116,MORGAN HOPKINS
181,MORGAN HOPKINS
218,MORGAN HOPKINS
249,MORGAN HOPKINS
258,MORGAN HOPKINS
292,MORGAN HOPKINS
322,MORGAN HOPKINS
353,MORGAN HOPKINS
403,MORGAN HOPKINS
525,MORGAN HOPKINS
642,MORGAN HOPKINS
656,MORGAN HOPKINS
674,MORGAN HOPKINS
680,MORGAN HOPKINS
700,MORGAN HOPKINS
719,MORGAN HOPKINS
723,MORGAN HOPKINS
726,MORGAN HOPKINS
732,MORGAN HOPKINS
748,MORGAN HOPKINS
838,MORGAN HOPKINS
890,MORGAN HOPKINS
921,MORGAN HOPKINS
969,MORGAN HOPKINS
981,MORGAN HOPKINS
13,MORGAN MCDORMAND
68,MORGAN MCDORMAND
90,MORGAN MCDORMAND
162,MORGAN MCDORMAND
188,MORGAN MCDORMAND
194,MORGAN MCDORMAND
210,MORGAN MCDORMAND
237,MORGAN MCDORMAND
254,MORGAN MCDORMAND
305,MORGAN MCDORMAND
339,MORGAN MCDORMAND
420,MORGAN MCDORMAND
425,MORGAN MCDORMAND
452,MORGAN MCDORMAND
538,MORGAN MCDORMAND
619,MORGAN MCDORMAND
757,MORGAN MCDORMAND
807,MORGAN MCDORMAND
827,MORGAN MCDORMAND
841,MORGAN MCDORMAND
861,MORGAN MCDORMAND
866,MORGAN MCDORMAND
913,MORGAN MCDORMAND
961,MORGAN MCDORMAND
993,MORGAN MCDORMAND
49,HARRISON BALE
52,HARRISON BALE
245,HARRISON BALE
246,HARRISON BALE
277,HARRISON BALE
302,HARRISON BALE
379,HARRISON BALE
383,HARRISON BALE
391,HARRISON BALE
428,HARRISON BALE
506,HARRISON BALE
531,HARRISON BALE
607,HARRISON BALE
615,HARRISON BALE
661,HARRISON BALE
671,HARRISON BALE
686,HARRISON BALE
703,HARRISON BALE
714,HARRISON BALE
740,HARRISON BALE
754,HARRISON BALE
846,HARRISON BALE
887,HARRISON BALE
952,HARRISON BALE
955,HARRISON BALE
966,HARRISON BALE
985,HARRISON BALE
994,HARRISON BALE
36,DAN STREEP
48,DAN STREEP
88,DAN STREEP
90,DAN STREEP
105,DAN STREEP
128,DAN STREEP
336,DAN STREEP
338,DAN STREEP
384,DAN STREEP
412,DAN STREEP
420,DAN STREEP
451,DAN STREEP
481,DAN STREEP
492,DAN STREEP
584,DAN STREEP
606,DAN STREEP
622,DAN STREEP
647,DAN STREEP
653,DAN STREEP
742,DAN STREEP
784,DAN STREEP
844,DAN STREEP
939,DAN STREEP
956,DAN STREEP
10,RENEE TRACY
15,RENEE TRACY
42,RENEE TRACY
167,RENEE TRACY
178,RENEE TRACY
190,RENEE TRACY
197,RENEE TRACY
224,RENEE TRACY
246,RENEE TRACY
273,RENEE TRACY
298,RENEE TRACY
316,RENEE TRACY
337,RENEE TRACY
395,RENEE TRACY
423,RENEE TRACY
432,RENEE TRACY
459,RENEE TRACY
468,RENEE TRACY
550,RENEE TRACY
578,RENEE TRACY
707,RENEE TRACY
710,RENEE TRACY
738,RENEE TRACY
739,RENEE TRACY
778,RENEE TRACY
783,RENEE TRACY
785,RENEE TRACY
797,RENEE TRACY
812,RENEE TRACY
831,RENEE TRACY
864,RENEE TRACY
887,RENEE TRACY
926,RENEE TRACY
35,CUBA ALLEN
39,CUBA ALLEN
41,CUBA ALLEN
49,CUBA ALLEN
55,CUBA ALLEN
136,CUBA ALLEN
141,CUBA ALLEN
151,CUBA ALLEN
311,CUBA ALLEN
384,CUBA ALLEN
399,CUBA ALLEN
499,CUBA ALLEN
517,CUBA ALLEN
553,CUBA ALLEN
558,CUBA ALLEN
572,CUBA ALLEN
641,CUBA ALLEN
656,CUBA ALLEN
695,CUBA ALLEN
735,CUBA ALLEN
788,CUBA ALLEN
852,CUBA ALLEN
938,CUBA ALLEN
957,CUBA ALLEN
969,CUBA ALLEN
21,WARREN JACKMAN
49,WARREN JACKMAN
64,WARREN JACKMAN
87,WARREN JACKMAN
143,WARREN JACKMAN
171,WARREN JACKMAN
172,WARREN JACKMAN
173,WARREN JACKMAN
381,WARREN JACKMAN
394,WARREN JACKMAN
412,WARREN JACKMAN
418,WARREN JACKMAN
454,WARREN JACKMAN
509,WARREN JACKMAN
521,WARREN JACKMAN
567,WARREN JACKMAN
570,WARREN JACKMAN
592,WARREN JACKMAN
614,WARREN JACKMAN
636,WARREN JACKMAN
649,WARREN JACKMAN
693,WARREN JACKMAN
738,WARREN JACKMAN
751,WARREN JACKMAN
782,WARREN JACKMAN
786,WARREN JACKMAN
788,WARREN JACKMAN
802,WARREN JACKMAN
858,WARREN JACKMAN
868,WARREN JACKMAN
900,WARREN JACKMAN
939,WARREN JACKMAN
57,PENELOPE MONROE
63,PENELOPE MONROE
144,PENELOPE MONROE
149,PENELOPE MONROE
208,PENELOPE MONROE
231,PENELOPE MONROE
238,PENELOPE MONROE
255,PENELOPE MONROE
414,PENELOPE MONROE
424,PENELOPE MONROE
489,PENELOPE MONROE
513,PENELOPE MONROE
590,PENELOPE MONROE
641,PENELOPE MONROE
642,PENELOPE MONROE
659,PENELOPE MONROE
682,PENELOPE MONROE
691,PENELOPE MONROE
715,PENELOPE MONROE
717,PENELOPE MONROE
722,PENELOPE MONROE
746,PENELOPE MONROE
830,PENELOPE MONROE
894,PENELOPE MONROE
898,PENELOPE MONROE
911,PENELOPE MONROE
994,PENELOPE MONROE
141,LIZA BERGMAN
154,LIZA BERGMAN
161,LIZA BERGMAN
170,LIZA BERGMAN
186,LIZA BERGMAN
198,LIZA BERGMAN
220,LIZA BERGMAN
222,LIZA BERGMAN
284,LIZA BERGMAN
297,LIZA BERGMAN
338,LIZA BERGMAN
353,LIZA BERGMAN
449,LIZA BERGMAN
479,LIZA BERGMAN
517,LIZA BERGMAN
633,LIZA BERGMAN
654,LIZA BERGMAN
658,LIZA BERGMAN
666,LIZA BERGMAN
771,LIZA BERGMAN
780,LIZA BERGMAN
847,LIZA BERGMAN
884,LIZA BERGMAN
885,LIZA BERGMAN
966,LIZA BERGMAN
22,SALMA NOLTE
29,SALMA NOLTE
76,SALMA NOLTE
83,SALMA NOLTE
157,SALMA NOLTE
158,SALMA NOLTE
166,SALMA NOLTE
227,SALMA NOLTE
238,SALMA NOLTE
300,SALMA NOLTE
307,SALMA NOLTE
363,SALMA NOLTE
470,SALMA NOLTE
489,SALMA NOLTE
491,SALMA NOLTE
542,SALMA NOLTE
620,SALMA NOLTE
649,SALMA NOLTE
654,SALMA NOLTE
673,SALMA NOLTE
718,SALMA NOLTE
795,SALMA NOLTE
957,SALMA NOLTE
961,SALMA NOLTE
998,SALMA NOLTE
3,JULIANNE DENCH
43,JULIANNE DENCH
67,JULIANNE DENCH
105,JULIANNE DENCH
148,JULIANNE DENCH
151,JULIANNE DENCH
185,JULIANNE DENCH
223,JULIANNE DENCH
234,JULIANNE DENCH
245,JULIANNE DENCH
246,JULIANNE DENCH
266,JULIANNE DENCH
286,JULIANNE DENCH
429,JULIANNE DENCH
442,JULIANNE DENCH
446,JULIANNE DENCH
479,JULIANNE DENCH
480,JULIANNE DENCH
494,JULIANNE DENCH
503,JULIANNE DENCH
530,JULIANNE DENCH
576,JULIANNE DENCH
577,JULIANNE DENCH
589,JULIANNE DENCH
593,JULIANNE DENCH
725,JULIANNE DENCH
730,JULIANNE DENCH
786,JULIANNE DENCH
860,JULIANNE DENCH
892,JULIANNE DENCH
926,JULIANNE DENCH
988,JULIANNE DENCH
22,SCARLETT BENING
64,SCARLETT BENING
106,SCARLETT BENING
113,SCARLETT BENING
190,SCARLETT BENING
246,SCARLETT BENING
260,SCARLETT BENING
263,SCARLETT BENING
289,SCARLETT BENING
306,SCARLETT BENING
312,SCARLETT BENING
322,SCARLETT BENING
343,SCARLETT BENING
449,SCARLETT BENING
468,SCARLETT BENING
539,SCARLETT BENING
601,SCARLETT BENING
726,SCARLETT BENING
742,SCARLETT BENING
775,SCARLETT BENING
785,SCARLETT BENING
814,SCARLETT BENING
858,SCARLETT BENING
882,SCARLETT BENING
987,SCARLETT BENING
997,SCARLETT BENING
62,ALBERT NOLTE
98,ALBERT NOLTE
100,ALBERT NOLTE
114,ALBERT NOLTE
175,ALBERT NOLTE
188,ALBERT NOLTE
204,ALBERT NOLTE
238,ALBERT NOLTE
250,ALBERT NOLTE
324,ALBERT NOLTE
338,ALBERT NOLTE
361,ALBERT NOLTE
367,ALBERT NOLTE
395,ALBERT NOLTE
414,ALBERT NOLTE
428,ALBERT NOLTE
429,ALBERT NOLTE
450,ALBERT NOLTE
497,ALBERT NOLTE
557,ALBERT NOLTE
568,ALBERT NOLTE
584,ALBERT NOLTE
602,ALBERT NOLTE
623,ALBERT NOLTE
664,ALBERT NOLTE
683,ALBERT NOLTE
710,ALBERT NOLTE
877,ALBERT NOLTE
908,ALBERT NOLTE
949,ALBERT NOLTE
965,ALBERT NOLTE
21,FRANCES TOMEI
34,FRANCES TOMEI
43,FRANCES TOMEI
58,FRANCES TOMEI
85,FRANCES TOMEI
96,FRANCES TOMEI
193,FRANCES TOMEI
194,FRANCES TOMEI
199,FRANCES TOMEI
256,FRANCES TOMEI
263,FRANCES TOMEI
288,FRANCES TOMEI
317,FRANCES TOMEI
347,FRANCES TOMEI
369,FRANCES TOMEI
370,FRANCES TOMEI
419,FRANCES TOMEI
468,FRANCES TOMEI
469,FRANCES TOMEI
545,FRANCES TOMEI
685,FRANCES TOMEI
836,FRANCES TOMEI
860,FRANCES TOMEI
36,KEVIN GARLAND
47,KEVIN GARLAND
48,KEVIN GARLAND
79,KEVIN GARLAND
119,KEVIN GARLAND
141,KEVIN GARLAND
157,KEVIN GARLAND
202,KEVIN GARLAND
286,KEVIN GARLAND
333,KEVIN GARLAND
354,KEVIN GARLAND
366,KEVIN GARLAND
382,KEVIN GARLAND
388,KEVIN GARLAND
411,KEVIN GARLAND
459,KEVIN GARLAND
553,KEVIN GARLAND
573,KEVIN GARLAND
613,KEVIN GARLAND
617,KEVIN GARLAND
641,KEVIN GARLAND
710,KEVIN GARLAND
727,KEVIN GARLAND
749,KEVIN GARLAND
763,KEVIN GARLAND
771,KEVIN GARLAND
791,KEVIN GARLAND
819,KEVIN GARLAND
839,KEVIN GARLAND
846,KEVIN GARLAND
911,KEVIN GARLAND
953,KEVIN GARLAND
970,KEVIN GARLAND
26,CATE MCQUEEN
82,CATE MCQUEEN
119,CATE MCQUEEN
168,CATE MCQUEEN
212,CATE MCQUEEN
238,CATE MCQUEEN
299,CATE MCQUEEN
312,CATE MCQUEEN
326,CATE MCQUEEN
336,CATE MCQUEEN
345,CATE MCQUEEN
407,CATE MCQUEEN
462,CATE MCQUEEN
485,CATE MCQUEEN
516,CATE MCQUEEN
564,CATE MCQUEEN
614,CATE MCQUEEN
650,CATE MCQUEEN
665,CATE MCQUEEN
671,CATE MCQUEEN
693,CATE MCQUEEN
696,CATE MCQUEEN
759,CATE MCQUEEN
774,CATE MCQUEEN
814,CATE MCQUEEN
899,CATE MCQUEEN
912,CATE MCQUEEN
944,CATE MCQUEEN
949,CATE MCQUEEN
965,CATE MCQUEEN
56,DARYL CRAWFORD
89,DARYL CRAWFORD
101,DARYL CRAWFORD
166,DARYL CRAWFORD
202,DARYL CRAWFORD
230,DARYL CRAWFORD
247,DARYL CRAWFORD
249,DARYL CRAWFORD
348,DARYL CRAWFORD
367,DARYL CRAWFORD
391,DARYL CRAWFORD
418,DARYL CRAWFORD
431,DARYL CRAWFORD
452,DARYL CRAWFORD
471,DARYL CRAWFORD
520,DARYL CRAWFORD
597,DARYL CRAWFORD
602,DARYL CRAWFORD
640,DARYL CRAWFORD
669,DARYL CRAWFORD
684,DARYL CRAWFORD
705,DARYL CRAWFORD
805,DARYL CRAWFORD
826,DARYL CRAWFORD
834,DARYL CRAWFORD
857,DARYL CRAWFORD
910,DARYL CRAWFORD
920,DARYL CRAWFORD
938,DARYL CRAWFORD
962,DARYL CRAWFORD
9,GRETA KEITEL
26,GRETA KEITEL
37,GRETA KEITEL
43,GRETA KEITEL
49,GRETA KEITEL
57,GRETA KEITEL
107,GRETA KEITEL
112,GRETA KEITEL
208,GRETA KEITEL
326,GRETA KEITEL
375,GRETA KEITEL
416,GRETA KEITEL
431,GRETA KEITEL
452,GRETA KEITEL
453,GRETA KEITEL
478,GRETA KEITEL
507,GRETA KEITEL
525,GRETA KEITEL
549,GRETA KEITEL
592,GRETA KEITEL
702,GRETA KEITEL
725,GRETA KEITEL
764,GRETA KEITEL
809,GRETA KEITEL
869,GRETA KEITEL
930,GRETA KEITEL
981,GRETA KEITEL
48,JANE JACKMAN
66,JANE JACKMAN
94,JANE JACKMAN
120,JANE JACKMAN
147,JANE JACKMAN
206,JANE JACKMAN
320,JANE JACKMAN
383,JANE JACKMAN
432,JANE JACKMAN
436,JANE JACKMAN
450,JANE JACKMAN
479,JANE JACKMAN
494,JANE JACKMAN
515,JANE JACKMAN
539,JANE JACKMAN
590,JANE JACKMAN
647,JANE JACKMAN
693,JANE JACKMAN
713,JANE JACKMAN
770,JANE JACKMAN
798,JANE JACKMAN
809,JANE JACKMAN
875,JANE JACKMAN
881,JANE JACKMAN
921,JANE JACKMAN
81,ADAM HOPPER
82,ADAM HOPPER
133,ADAM HOPPER
156,ADAM HOPPER
162,ADAM HOPPER
311,ADAM HOPPER
345,ADAM HOPPER
377,ADAM HOPPER
410,ADAM HOPPER
538,ADAM HOPPER
562,ADAM HOPPER
586,ADAM HOPPER
626,ADAM HOPPER
637,ADAM HOPPER
698,ADAM HOPPER
756,ADAM HOPPER
806,ADAM HOPPER
897,ADAM HOPPER
899,ADAM HOPPER
904,ADAM HOPPER
930,ADAM HOPPER
987,ADAM HOPPER
7,RICHARD PENN
51,RICHARD PENN
133,RICHARD PENN
172,RICHARD PENN
210,RICHARD PENN
270,RICHARD PENN
280,RICHARD PENN
286,RICHARD PENN
338,RICHARD PENN
342,RICHARD PENN
351,RICHARD PENN
368,RICHARD PENN
385,RICHARD PENN
390,RICHARD PENN
397,RICHARD PENN
410,RICHARD PENN
452,RICHARD PENN
463,RICHARD PENN
514,RICHARD PENN
588,RICHARD PENN
594,RICHARD PENN
635,RICHARD PENN
652,RICHARD PENN
727,RICHARD PENN
806,RICHARD PENN
868,RICHARD PENN
882,RICHARD PENN
894,RICHARD PENN
933,RICHARD PENN
952,RICHARD PENN
132,GENE HOPKINS
145,GENE HOPKINS
161,GENE HOPKINS
219,GENE HOPKINS
243,GENE HOPKINS
250,GENE HOPKINS
278,GENE HOPKINS
341,GENE HOPKINS
386,GENE HOPKINS
413,GENE HOPKINS
558,GENE HOPKINS
588,GENE HOPKINS
624,GENE HOPKINS
655,GENE HOPKINS
683,GENE HOPKINS
690,GENE HOPKINS
861,GENE HOPKINS
896,GENE HOPKINS
897,GENE HOPKINS
915,GENE HOPKINS
927,GENE HOPKINS
936,GENE HOPKINS
35,RITA REYNOLDS
41,RITA REYNOLDS
65,RITA REYNOLDS
88,RITA REYNOLDS
170,RITA REYNOLDS
269,RITA REYNOLDS
320,RITA REYNOLDS
353,RITA REYNOLDS
357,RITA REYNOLDS
364,RITA REYNOLDS
455,RITA REYNOLDS
458,RITA REYNOLDS
484,RITA REYNOLDS
541,RITA REYNOLDS
553,RITA REYNOLDS
616,RITA REYNOLDS
628,RITA REYNOLDS
719,RITA REYNOLDS
814,RITA REYNOLDS
905,RITA REYNOLDS
20,ED MANSFIELD
25,ED MANSFIELD
33,ED MANSFIELD
56,ED MANSFIELD
61,ED MANSFIELD
193,ED MANSFIELD
214,ED MANSFIELD
229,ED MANSFIELD
243,ED MANSFIELD
256,ED MANSFIELD
262,ED MANSFIELD
271,ED MANSFIELD
288,ED MANSFIELD
300,ED MANSFIELD
364,ED MANSFIELD
401,ED MANSFIELD
414,ED MANSFIELD
420,ED MANSFIELD
474,ED MANSFIELD
485,ED MANSFIELD
542,ED MANSFIELD
552,ED MANSFIELD
620,ED MANSFIELD
649,ED MANSFIELD
686,ED MANSFIELD
781,ED MANSFIELD
806,ED MANSFIELD
808,ED MANSFIELD
818,ED MANSFIELD
842,ED MANSFIELD
933,ED MANSFIELD
993,ED MANSFIELD
6,MORGAN WILLIAMS
14,MORGAN WILLIAMS
56,MORGAN WILLIAMS
96,MORGAN WILLIAMS
160,MORGAN WILLIAMS
224,MORGAN WILLIAMS
249,MORGAN WILLIAMS
254,MORGAN WILLIAMS
263,MORGAN WILLIAMS
268,MORGAN WILLIAMS
304,MORGAN WILLIAMS
390,MORGAN WILLIAMS
410,MORGAN WILLIAMS
433,MORGAN WILLIAMS
446,MORGAN WILLIAMS
489,MORGAN WILLIAMS
530,MORGAN WILLIAMS
564,MORGAN WILLIAMS
603,MORGAN WILLIAMS
610,MORGAN WILLIAMS
688,MORGAN WILLIAMS
703,MORGAN WILLIAMS
745,MORGAN WILLIAMS
758,MORGAN WILLIAMS
832,MORGAN WILLIAMS
841,MORGAN WILLIAMS
917,MORGAN WILLIAMS
8,LUCILLE DEE
52,LUCILLE DEE
61,LUCILLE DEE
125,LUCILLE DEE
157,LUCILLE DEE
214,LUCILLE DEE
258,LUCILLE DEE
376,LUCILLE DEE
403,LUCILLE DEE
446,LUCILLE DEE
453,LUCILLE DEE
508,LUCILLE DEE
553,LUCILLE DEE
561,LUCILLE DEE
583,LUCILLE DEE
627,LUCILLE DEE
639,LUCILLE DEE
695,LUCILLE DEE
747,LUCILLE DEE
879,LUCILLE DEE
885,LUCILLE DEE
923,LUCILLE DEE
970,LUCILLE DEE
989,LUCILLE DEE
20,EWAN GOODING
35,EWAN GOODING
57,EWAN GOODING
74,EWAN GOODING
90,EWAN GOODING
107,EWAN GOODING
155,EWAN GOODING
170,EWAN GOODING
181,EWAN GOODING
200,EWAN GOODING
229,EWAN GOODING
233,EWAN GOODING
261,EWAN GOODING
262,EWAN GOODING
266,EWAN GOODING
282,EWAN GOODING
284,EWAN GOODING
373,EWAN GOODING
447,EWAN GOODING
489,EWAN GOODING
529,EWAN GOODING
540,EWAN GOODING
570,EWAN GOODING
602,EWAN GOODING
605,EWAN GOODING
636,EWAN GOODING
691,EWAN GOODING
706,EWAN GOODING
719,EWAN GOODING
744,EWAN GOODING
746,EWAN GOODING
862,EWAN GOODING
892,EWAN GOODING
27,WHOOPI HURT
77,WHOOPI HURT
112,WHOOPI HURT
135,WHOOPI HURT
185,WHOOPI HURT
258,WHOOPI HURT
370,WHOOPI HURT
373,WHOOPI HURT
498,WHOOPI HURT
509,WHOOPI HURT
576,WHOOPI HURT
587,WHOOPI HURT
599,WHOOPI HURT
608,WHOOPI HURT
647,WHOOPI HURT
665,WHOOPI HURT
670,WHOOPI HURT
693,WHOOPI HURT
702,WHOOPI HURT
729,WHOOPI HURT
730,WHOOPI HURT
731,WHOOPI HURT
736,WHOOPI HURT
742,WHOOPI HURT
778,WHOOPI HURT
820,WHOOPI HURT
830,WHOOPI HURT
835,WHOOPI HURT
857,WHOOPI HURT
923,WHOOPI HURT
934,WHOOPI HURT
999,WHOOPI HURT
43,CATE HARRIS
67,CATE HARRIS
188,CATE HARRIS
191,CATE HARRIS
207,CATE HARRIS
223,CATE HARRIS
341,CATE HARRIS
358,CATE HARRIS
380,CATE HARRIS
395,CATE HARRIS
467,CATE HARRIS
491,CATE HARRIS
589,CATE HARRIS
607,CATE HARRIS
673,CATE HARRIS
740,CATE HARRIS
752,CATE HARRIS
768,CATE HARRIS
772,CATE HARRIS
787,CATE HARRIS
821,CATE HARRIS
829,CATE HARRIS
840,CATE HARRIS
849,CATE HARRIS
862,CATE HARRIS
863,CATE HARRIS
909,CATE HARRIS
992,CATE HARRIS
10,JADA RYDER
18,JADA RYDER
107,JADA RYDER
139,JADA RYDER
186,JADA RYDER
199,JADA RYDER
248,JADA RYDER
328,JADA RYDER
350,JADA RYDER
371,JADA RYDER
470,JADA RYDER
481,JADA RYDER
494,JADA RYDER
501,JADA RYDER
504,JADA RYDER
540,JADA RYDER
554,JADA RYDER
575,JADA RYDER
608,JADA RYDER
710,JADA RYDER
712,JADA RYDER
735,JADA RYDER
759,JADA RYDER
794,JADA RYDER
842,JADA RYDER
859,JADA RYDER
863,JADA RYDER
875,JADA RYDER
906,JADA RYDER
914,JADA RYDER
999,JADA RYDER
47,RIVER DEAN
79,RIVER DEAN
141,RIVER DEAN
175,RIVER DEAN
232,RIVER DEAN
239,RIVER DEAN
316,RIVER DEAN
339,RIVER DEAN
361,RIVER DEAN
386,RIVER DEAN
404,RIVER DEAN
457,RIVER DEAN
485,RIVER DEAN
497,RIVER DEAN
560,RIVER DEAN
576,RIVER DEAN
603,RIVER DEAN
613,RIVER DEAN
659,RIVER DEAN
660,RIVER DEAN
680,RIVER DEAN
687,RIVER DEAN
690,RIVER DEAN
706,RIVER DEAN
792,RIVER DEAN
821,RIVER DEAN
830,RIVER DEAN
872,RIVER DEAN
878,RIVER DEAN
906,RIVER DEAN
958,RIVER DEAN
18,ANGELA WITHERSPOON
67,ANGELA WITHERSPOON
79,ANGELA WITHERSPOON
90,ANGELA WITHERSPOON
99,ANGELA WITHERSPOON
105,ANGELA WITHERSPOON
123,ANGELA WITHERSPOON
125,ANGELA WITHERSPOON
127,ANGELA WITHERSPOON
130,ANGELA WITHERSPOON
135,ANGELA WITHERSPOON
164,ANGELA WITHERSPOON
184,ANGELA WITHERSPOON
216,ANGELA WITHERSPOON
228,ANGELA WITHERSPOON
260,ANGELA WITHERSPOON
272,ANGELA WITHERSPOON
291,ANGELA WITHERSPOON
293,ANGELA WITHERSPOON
312,ANGELA WITHERSPOON
393,ANGELA WITHERSPOON
396,ANGELA WITHERSPOON
473,ANGELA WITHERSPOON
504,ANGELA WITHERSPOON
540,ANGELA WITHERSPOON
599,ANGELA WITHERSPOON
668,ANGELA WITHERSPOON
702,ANGELA WITHERSPOON
753,ANGELA WITHERSPOON
762,ANGELA WITHERSPOON
776,ANGELA WITHERSPOON
785,ANGELA WITHERSPOON
845,ANGELA WITHERSPOON
894,ANGELA WITHERSPOON
953,ANGELA WITHERSPOON
39,KIM ALLEN
109,KIM ALLEN
120,KIM ALLEN
154,KIM ALLEN
155,KIM ALLEN
243,KIM ALLEN
293,KIM ALLEN
402,KIM ALLEN
409,KIM ALLEN
457,KIM ALLEN
475,KIM ALLEN
487,KIM ALLEN
494,KIM ALLEN
527,KIM ALLEN
592,KIM ALLEN
625,KIM ALLEN
629,KIM ALLEN
641,KIM ALLEN
661,KIM ALLEN
664,KIM ALLEN
692,KIM ALLEN
713,KIM ALLEN
726,KIM ALLEN
748,KIM ALLEN
822,KIM ALLEN
893,KIM ALLEN
923,KIM ALLEN
953,KIM ALLEN
12,ALBERT JOHANSSON
16,ALBERT JOHANSSON
33,ALBERT JOHANSSON
117,ALBERT JOHANSSON
177,ALBERT JOHANSSON
191,ALBERT JOHANSSON
197,ALBERT JOHANSSON
207,ALBERT JOHANSSON
218,ALBERT JOHANSSON
278,ALBERT JOHANSSON
296,ALBERT JOHANSSON
314,ALBERT JOHANSSON
320,ALBERT JOHANSSON
372,ALBERT JOHANSSON
384,ALBERT JOHANSSON
402,ALBERT JOHANSSON
410,ALBERT JOHANSSON
427,ALBERT JOHANSSON
429,ALBERT JOHANSSON
512,ALBERT JOHANSSON
514,ALBERT JOHANSSON
571,ALBERT JOHANSSON
591,ALBERT JOHANSSON
720,ALBERT JOHANSSON
731,ALBERT JOHANSSON
734,ALBERT JOHANSSON
871,ALBERT JOHANSSON
909,ALBERT JOHANSSON
922,ALBERT JOHANSSON
945,ALBERT JOHANSSON
955,ALBERT JOHANSSON
966,ALBERT JOHANSSON
969,ALBERT JOHANSSON
4,FAY WINSLET
85,FAY WINSLET
131,FAY WINSLET
139,FAY WINSLET
145,FAY WINSLET
178,FAY WINSLET
251,FAY WINSLET
254,FAY WINSLET
295,FAY WINSLET
298,FAY WINSLET
305,FAY WINSLET
310,FAY WINSLET
318,FAY WINSLET
333,FAY WINSLET
341,FAY WINSLET
351,FAY WINSLET
394,FAY WINSLET
402,FAY WINSLET
405,FAY WINSLET
410,FAY WINSLET
431,FAY WINSLET
443,FAY WINSLET
508,FAY WINSLET
554,FAY WINSLET
563,FAY WINSLET
649,FAY WINSLET
688,FAY WINSLET
708,FAY WINSLET
864,FAY WINSLET
957,FAY WINSLET
987,FAY WINSLET
27,EMILY DEE
57,EMILY DEE
133,EMILY DEE
149,EMILY DEE
226,EMILY DEE
342,EMILY DEE
368,EMILY DEE
422,EMILY DEE
468,EMILY DEE
633,EMILY DEE
718,EMILY DEE
768,EMILY DEE
772,EMILY DEE
792,EMILY DEE
53,RUSSELL TEMPLE
72,RUSSELL TEMPLE
95,RUSSELL TEMPLE
118,RUSSELL TEMPLE
139,RUSSELL TEMPLE
146,RUSSELL TEMPLE
153,RUSSELL TEMPLE
159,RUSSELL TEMPLE
169,RUSSELL TEMPLE
178,RUSSELL TEMPLE
188,RUSSELL TEMPLE
193,RUSSELL TEMPLE
339,RUSSELL TEMPLE
354,RUSSELL TEMPLE
362,RUSSELL TEMPLE
365,RUSSELL TEMPLE
458,RUSSELL TEMPLE
631,RUSSELL TEMPLE
670,RUSSELL TEMPLE
685,RUSSELL TEMPLE
761,RUSSELL TEMPLE
782,RUSSELL TEMPLE
810,RUSSELL TEMPLE
811,RUSSELL TEMPLE
899,RUSSELL TEMPLE
905,RUSSELL TEMPLE
913,RUSSELL TEMPLE
921,RUSSELL TEMPLE
947,RUSSELL TEMPLE
949,RUSSELL TEMPLE
992,RUSSELL TEMPLE
23,JAYNE NOLTE
63,JAYNE NOLTE
75,JAYNE NOLTE
94,JAYNE NOLTE
105,JAYNE NOLTE
168,JAYNE NOLTE
190,JAYNE NOLTE
206,JAYNE NOLTE
233,JAYNE NOLTE
270,JAYNE NOLTE
285,JAYNE NOLTE
306,JAYNE NOLTE
386,JAYNE NOLTE
433,JAYNE NOLTE
446,JAYNE NOLTE
447,JAYNE NOLTE
468,JAYNE NOLTE
508,JAYNE NOLTE
542,JAYNE NOLTE
551,JAYNE NOLTE
629,JAYNE NOLTE
647,JAYNE NOLTE
672,JAYNE NOLTE
697,JAYNE NOLTE
728,JAYNE NOLTE
777,JAYNE NOLTE
854,JAYNE NOLTE
873,JAYNE NOLTE
880,JAYNE NOLTE
887,JAYNE NOLTE
889,JAYNE NOLTE
892,JAYNE NOLTE
953,JAYNE NOLTE
962,JAYNE NOLTE
131,GEOFFREY HESTON
144,GEOFFREY HESTON
167,GEOFFREY HESTON
170,GEOFFREY HESTON
217,GEOFFREY HESTON
232,GEOFFREY HESTON
342,GEOFFREY HESTON
367,GEOFFREY HESTON
370,GEOFFREY HESTON
382,GEOFFREY HESTON
451,GEOFFREY HESTON
463,GEOFFREY HESTON
482,GEOFFREY HESTON
501,GEOFFREY HESTON
527,GEOFFREY HESTON
539,GEOFFREY HESTON
570,GEOFFREY HESTON
574,GEOFFREY HESTON
634,GEOFFREY HESTON
658,GEOFFREY HESTON
665,GEOFFREY HESTON
703,GEOFFREY HESTON
880,GEOFFREY HESTON
892,GEOFFREY HESTON
895,GEOFFREY HESTON
989,GEOFFREY HESTON
59,BEN HARRIS
153,BEN HARRIS
217,BEN HARRIS
248,BEN HARRIS
318,BEN HARRIS
332,BEN HARRIS
475,BEN HARRIS
476,BEN HARRIS
578,BEN HARRIS
607,BEN HARRIS
611,BEN HARRIS
615,BEN HARRIS
674,BEN HARRIS
680,BEN HARRIS
729,BEN HARRIS
768,BEN HARRIS
821,BEN HARRIS
846,BEN HARRIS
891,BEN HARRIS
898,BEN HARRIS
927,BEN HARRIS
964,BEN HARRIS
968,BEN HARRIS
47,MINNIE KILMER
64,MINNIE KILMER
136,MINNIE KILMER
180,MINNIE KILMER
203,MINNIE KILMER
231,MINNIE KILMER
444,MINNIE KILMER
476,MINNIE KILMER
480,MINNIE KILMER
486,MINNIE KILMER
536,MINNIE KILMER
627,MINNIE KILMER
732,MINNIE KILMER
756,MINNIE KILMER
766,MINNIE KILMER
817,MINNIE KILMER
847,MINNIE KILMER
919,MINNIE KILMER
938,MINNIE KILMER
988,MINNIE KILMER
27,MERYL GIBSON
111,MERYL GIBSON
141,MERYL GIBSON
158,MERYL GIBSON
169,MERYL GIBSON
170,MERYL GIBSON
193,MERYL GIBSON
208,MERYL GIBSON
274,MERYL GIBSON
276,MERYL GIBSON
282,MERYL GIBSON
299,MERYL GIBSON
314,MERYL GIBSON
396,MERYL GIBSON
399,MERYL GIBSON
421,MERYL GIBSON
440,MERYL GIBSON
467,MERYL GIBSON
474,MERYL GIBSON
489,MERYL GIBSON
588,MERYL GIBSON
602,MERYL GIBSON
680,MERYL GIBSON
698,MERYL GIBSON
802,MERYL GIBSON
842,MERYL GIBSON
954,MERYL GIBSON
988,MERYL GIBSON
20,IAN TANDY
67,IAN TANDY
128,IAN TANDY
153,IAN TANDY
220,IAN TANDY
249,IAN TANDY
303,IAN TANDY
312,IAN TANDY
359,IAN TANDY
361,IAN TANDY
383,IAN TANDY
387,IAN TANDY
407,IAN TANDY
427,IAN TANDY
459,IAN TANDY
513,IAN TANDY
584,IAN TANDY
590,IAN TANDY
630,IAN TANDY
688,IAN TANDY
757,IAN TANDY
768,IAN TANDY
785,IAN TANDY
849,IAN TANDY
885,IAN TANDY
890,IAN TANDY
941,IAN TANDY
966,IAN TANDY
987,IAN TANDY
997,IAN TANDY
1000,IAN TANDY
53,FAY WOOD
155,FAY WOOD
198,FAY WOOD
244,FAY WOOD
262,FAY WOOD
263,FAY WOOD
285,FAY WOOD
297,FAY WOOD
301,FAY WOOD
349,FAY WOOD
379,FAY WOOD
448,FAY WOOD
462,FAY WOOD
467,FAY WOOD
504,FAY WOOD
518,FAY WOOD
593,FAY WOOD
646,FAY WOOD
705,FAY WOOD
754,FAY WOOD
775,FAY WOOD
844,FAY WOOD
10,GRETA MALDEN
24,GRETA MALDEN
34,GRETA MALDEN
122,GRETA MALDEN
159,GRETA MALDEN
183,GRETA MALDEN
210,GRETA MALDEN
217,GRETA MALDEN
291,GRETA MALDEN
303,GRETA MALDEN
321,GRETA MALDEN
326,GRETA MALDEN
353,GRETA MALDEN
400,GRETA MALDEN
406,GRETA MALDEN
431,GRETA MALDEN
496,GRETA MALDEN
535,GRETA MALDEN
573,GRETA MALDEN
574,GRETA MALDEN
604,GRETA MALDEN
616,GRETA MALDEN
642,GRETA MALDEN
661,GRETA MALDEN
696,GRETA MALDEN
713,GRETA MALDEN
802,GRETA MALDEN
835,GRETA MALDEN
874,GRETA MALDEN
913,GRETA MALDEN
967,GRETA MALDEN
973,GRETA MALDEN
32,VIVIEN BASINGER
47,VIVIEN BASINGER
64,VIVIEN BASINGER
66,VIVIEN BASINGER
102,VIVIEN BASINGER
121,VIVIEN BASINGER
177,VIVIEN BASINGER
178,VIVIEN BASINGER
188,VIVIEN BASINGER
215,VIVIEN BASINGER
241,VIVIEN BASINGER
293,VIVIEN BASINGER
437,VIVIEN BASINGER
473,VIVIEN BASINGER
483,VIVIEN BASINGER
532,VIVIEN BASINGER
555,VIVIEN BASINGER
581,VIVIEN BASINGER
601,VIVIEN BASINGER
616,VIVIEN BASINGER
626,VIVIEN BASINGER
637,VIVIEN BASINGER
799,VIVIEN BASINGER
812,VIVIEN BASINGER
824,VIVIEN BASINGER
830,VIVIEN BASINGER
840,VIVIEN BASINGER
869,VIVIEN BASINGER
879,VIVIEN BASINGER
880,VIVIEN BASINGER
894,VIVIEN BASINGER
896,VIVIEN BASINGER
967,VIVIEN BASINGER
968,VIVIEN BASINGER
990,VIVIEN BASINGER
20,LAURA BRODY
82,LAURA BRODY
127,LAURA BRODY
187,LAURA BRODY
206,LAURA BRODY
208,LAURA BRODY
223,LAURA BRODY
248,LAURA BRODY
342,LAURA BRODY
343,LAURA BRODY
344,LAURA BRODY
364,LAURA BRODY
418,LAURA BRODY
549,LAURA BRODY
561,LAURA BRODY
600,LAURA BRODY
674,LAURA BRODY
680,LAURA BRODY
784,LAURA BRODY
789,LAURA BRODY
800,LAURA BRODY
802,LAURA BRODY
818,LAURA BRODY
876,LAURA BRODY
907,LAURA BRODY
978,LAURA BRODY
2,CHRIS DEPP
17,CHRIS DEPP
43,CHRIS DEPP
242,CHRIS DEPP
267,CHRIS DEPP
275,CHRIS DEPP
368,CHRIS DEPP
455,CHRIS DEPP
469,CHRIS DEPP
484,CHRIS DEPP
579,CHRIS DEPP
660,CHRIS DEPP
755,CHRIS DEPP
767,CHRIS DEPP
769,CHRIS DEPP
794,CHRIS DEPP
826,CHRIS DEPP
883,CHRIS DEPP
950,CHRIS DEPP
954,CHRIS DEPP
43,HARVEY HOPE
58,HARVEY HOPE
89,HARVEY HOPE
90,HARVEY HOPE
120,HARVEY HOPE
188,HARVEY HOPE
247,HARVEY HOPE
269,HARVEY HOPE
281,HARVEY HOPE
340,HARVEY HOPE
353,HARVEY HOPE
401,HARVEY HOPE
414,HARVEY HOPE
425,HARVEY HOPE
469,HARVEY HOPE
526,HARVEY HOPE
588,HARVEY HOPE
644,HARVEY HOPE
653,HARVEY HOPE
655,HARVEY HOPE
669,HARVEY HOPE
684,HARVEY HOPE
714,HARVEY HOPE
749,HARVEY HOPE
807,HARVEY HOPE
825,HARVEY HOPE
850,HARVEY HOPE
880,HARVEY HOPE
920,HARVEY HOPE
921,HARVEY HOPE
924,HARVEY HOPE
927,HARVEY HOPE
1,OPRAH KILMER
4,OPRAH KILMER
7,OPRAH KILMER
18,OPRAH KILMER
28,OPRAH KILMER
32,OPRAH KILMER
33,OPRAH KILMER
41,OPRAH KILMER
85,OPRAH KILMER
121,OPRAH KILMER
164,OPRAH KILMER
274,OPRAH KILMER
279,OPRAH KILMER
409,OPRAH KILMER
410,OPRAH KILMER
415,OPRAH KILMER
500,OPRAH KILMER
574,OPRAH KILMER
612,OPRAH KILMER
636,OPRAH KILMER
659,OPRAH KILMER
786,OPRAH KILMER
844,OPRAH KILMER
909,OPRAH KILMER
968,OPRAH KILMER
30,CHRISTOPHER WEST
45,CHRISTOPHER WEST
166,CHRISTOPHER WEST
180,CHRISTOPHER WEST
239,CHRISTOPHER WEST
283,CHRISTOPHER WEST
303,CHRISTOPHER WEST
304,CHRISTOPHER WEST
307,CHRISTOPHER WEST
394,CHRISTOPHER WEST
409,CHRISTOPHER WEST
434,CHRISTOPHER WEST
444,CHRISTOPHER WEST
522,CHRISTOPHER WEST
719,CHRISTOPHER WEST
785,CHRISTOPHER WEST
833,CHRISTOPHER WEST
881,CHRISTOPHER WEST
891,CHRISTOPHER WEST
947,CHRISTOPHER WEST
996,CHRISTOPHER WEST
15,HUMPHREY WILLIS
23,HUMPHREY WILLIS
148,HUMPHREY WILLIS
169,HUMPHREY WILLIS
252,HUMPHREY WILLIS
324,HUMPHREY WILLIS
347,HUMPHREY WILLIS
367,HUMPHREY WILLIS
431,HUMPHREY WILLIS
448,HUMPHREY WILLIS
469,HUMPHREY WILLIS
545,HUMPHREY WILLIS
610,HUMPHREY WILLIS
613,HUMPHREY WILLIS
673,HUMPHREY WILLIS
681,HUMPHREY WILLIS
698,HUMPHREY WILLIS
801,HUMPHREY WILLIS
820,HUMPHREY WILLIS
832,HUMPHREY WILLIS
834,HUMPHREY WILLIS
851,HUMPHREY WILLIS
884,HUMPHREY WILLIS
908,HUMPHREY WILLIS
957,HUMPHREY WILLIS
984,HUMPHREY WILLIS
72,AL GARLAND
95,AL GARLAND
146,AL GARLAND
204,AL GARLAND
253,AL GARLAND
286,AL GARLAND
360,AL GARLAND
375,AL GARLAND
395,AL GARLAND
421,AL GARLAND
437,AL GARLAND
473,AL GARLAND
607,AL GARLAND
644,AL GARLAND
659,AL GARLAND
693,AL GARLAND
737,AL GARLAND
779,AL GARLAND
798,AL GARLAND
807,AL GARLAND
809,AL GARLAND
832,AL GARLAND
833,AL GARLAND
947,AL GARLAND
948,AL GARLAND
962,AL GARLAND
25,NICK DEGENERES
38,NICK DEGENERES
55,NICK DEGENERES
61,NICK DEGENERES
68,NICK DEGENERES
86,NICK DEGENERES
146,NICK DEGENERES
255,NICK DEGENERES
297,NICK DEGENERES
306,NICK DEGENERES
326,NICK DEGENERES
361,NICK DEGENERES
366,NICK DEGENERES
426,NICK DEGENERES
580,NICK DEGENERES
622,NICK DEGENERES
674,NICK DEGENERES
714,NICK DEGENERES
788,NICK DEGENERES
867,NICK DEGENERES
944,NICK DEGENERES
1000,NICK DEGENERES
17,LAURENCE BULLOCK
25,LAURENCE BULLOCK
63,LAURENCE BULLOCK
72,LAURENCE BULLOCK
107,LAURENCE BULLOCK
120,LAURENCE BULLOCK
191,LAURENCE BULLOCK
294,LAURENCE BULLOCK
319,LAURENCE BULLOCK
339,LAURENCE BULLOCK
341,LAURENCE BULLOCK
496,LAURENCE BULLOCK
554,LAURENCE BULLOCK
626,LAURENCE BULLOCK
628,LAURENCE BULLOCK
672,LAURENCE BULLOCK
692,LAURENCE BULLOCK
717,LAURENCE BULLOCK
734,LAURENCE BULLOCK
794,LAURENCE BULLOCK
800,LAURENCE BULLOCK
802,LAURENCE BULLOCK
856,LAURENCE BULLOCK
864,LAURENCE BULLOCK
882,LAURENCE BULLOCK
923,LAURENCE BULLOCK
32,WILL WILSON
56,WILL WILSON
92,WILL WILSON
115,WILL WILSON
188,WILL WILSON
196,WILL WILSON
208,WILL WILSON
237,WILL WILSON
241,WILL WILSON
255,WILL WILSON
305,WILL WILSON
336,WILL WILSON
387,WILL WILSON
433,WILL WILSON
438,WILL WILSON
519,WILL WILSON
602,WILL WILSON
619,WILL WILSON
626,WILL WILSON
652,WILL WILSON
678,WILL WILSON
685,WILL WILSON
804,WILL WILSON
807,WILL WILSON
826,WILL WILSON
841,WILL WILSON
886,WILL WILSON
889,WILL WILSON
892,WILL WILSON
927,WILL WILSON
959,WILL WILSON
6,KENNETH HOFFMAN
78,KENNETH HOFFMAN
93,KENNETH HOFFMAN
246,KENNETH HOFFMAN
248,KENNETH HOFFMAN
289,KENNETH HOFFMAN
301,KENNETH HOFFMAN
326,KENNETH HOFFMAN
349,KENNETH HOFFMAN
372,KENNETH HOFFMAN
398,KENNETH HOFFMAN
434,KENNETH HOFFMAN
505,KENNETH HOFFMAN
564,KENNETH HOFFMAN
571,KENNETH HOFFMAN
634,KENNETH HOFFMAN
642,KENNETH HOFFMAN
673,KENNETH HOFFMAN
694,KENNETH HOFFMAN
727,KENNETH HOFFMAN
778,KENNETH HOFFMAN
815,KENNETH HOFFMAN
847,KENNETH HOFFMAN
849,KENNETH HOFFMAN
894,KENNETH HOFFMAN
897,KENNETH HOFFMAN
954,KENNETH HOFFMAN
992,KENNETH HOFFMAN
998,KENNETH HOFFMAN
7,MENA HOPPER
15,MENA HOPPER
27,MENA HOPPER
33,MENA HOPPER
102,MENA HOPPER
139,MENA HOPPER
180,MENA HOPPER
184,MENA HOPPER
212,MENA HOPPER
299,MENA HOPPER
322,MENA HOPPER
358,MENA HOPPER
416,MENA HOPPER
508,MENA HOPPER
537,MENA HOPPER
705,MENA HOPPER
758,MENA HOPPER
764,MENA HOPPER
868,MENA HOPPER
877,MENA HOPPER
886,MENA HOPPER
925,MENA HOPPER
993,MENA HOPPER
996,MENA HOPPER
49,OLYMPIA PFEIFFER
146,OLYMPIA PFEIFFER
166,OLYMPIA PFEIFFER
181,OLYMPIA PFEIFFER
219,OLYMPIA PFEIFFER
273,OLYMPIA PFEIFFER
296,OLYMPIA PFEIFFER
318,OLYMPIA PFEIFFER
342,OLYMPIA PFEIFFER
397,OLYMPIA PFEIFFER
447,OLYMPIA PFEIFFER
450,OLYMPIA PFEIFFER
466,OLYMPIA PFEIFFER
549,OLYMPIA PFEIFFER
560,OLYMPIA PFEIFFER
566,OLYMPIA PFEIFFER
608,OLYMPIA PFEIFFER
625,OLYMPIA PFEIFFER
645,OLYMPIA PFEIFFER
701,OLYMPIA PFEIFFER
761,OLYMPIA PFEIFFER
779,OLYMPIA PFEIFFER
849,OLYMPIA PFEIFFER
872,OLYMPIA PFEIFFER
892,OLYMPIA PFEIFFER
898,OLYMPIA PFEIFFER
903,OLYMPIA PFEIFFER
953,OLYMPIA PFEIFFER
57,GROUCHO WILLIAMS
100,GROUCHO WILLIAMS
148,GROUCHO WILLIAMS
215,GROUCHO WILLIAMS
302,GROUCHO WILLIAMS
345,GROUCHO WILLIAMS
368,GROUCHO WILLIAMS
385,GROUCHO WILLIAMS
423,GROUCHO WILLIAMS
487,GROUCHO WILLIAMS
493,GROUCHO WILLIAMS
529,GROUCHO WILLIAMS
538,GROUCHO WILLIAMS
567,GROUCHO WILLIAMS
609,GROUCHO WILLIAMS
639,GROUCHO WILLIAMS
649,GROUCHO WILLIAMS
661,GROUCHO WILLIAMS
667,GROUCHO WILLIAMS
710,GROUCHO WILLIAMS
744,GROUCHO WILLIAMS
758,GROUCHO WILLIAMS
771,GROUCHO WILLIAMS
833,GROUCHO WILLIAMS
959,GROUCHO WILLIAMS
49,ALAN DREYFUSS
55,ALAN DREYFUSS
74,ALAN DREYFUSS
80,ALAN DREYFUSS
106,ALAN DREYFUSS
154,ALAN DREYFUSS
162,ALAN DREYFUSS
188,ALAN DREYFUSS
235,ALAN DREYFUSS
313,ALAN DREYFUSS
379,ALAN DREYFUSS
405,ALAN DREYFUSS
491,ALAN DREYFUSS
496,ALAN DREYFUSS
529,ALAN DREYFUSS
550,ALAN DREYFUSS
564,ALAN DREYFUSS
571,ALAN DREYFUSS
592,ALAN DREYFUSS
688,ALAN DREYFUSS
753,ALAN DREYFUSS
757,ALAN DREYFUSS
852,ALAN DREYFUSS
857,ALAN DREYFUSS
921,ALAN DREYFUSS
928,ALAN DREYFUSS
933,ALAN DREYFUSS
11,MICHAEL BENING
61,MICHAEL BENING
168,MICHAEL BENING
298,MICHAEL BENING
352,MICHAEL BENING
442,MICHAEL BENING
451,MICHAEL BENING
496,MICHAEL BENING
610,MICHAEL BENING
618,MICHAEL BENING
622,MICHAEL BENING
659,MICHAEL BENING
677,MICHAEL BENING
705,MICHAEL BENING
722,MICHAEL BENING
780,MICHAEL BENING
797,MICHAEL BENING
809,MICHAEL BENING
827,MICHAEL BENING
830,MICHAEL BENING
852,MICHAEL BENING
853,MICHAEL BENING
879,MICHAEL BENING
982,MICHAEL BENING
9,WILLIAM HACKMAN
29,WILLIAM HACKMAN
67,WILLIAM HACKMAN
129,WILLIAM HACKMAN
155,WILLIAM HACKMAN
190,WILLIAM HACKMAN
191,WILLIAM HACKMAN
362,WILLIAM HACKMAN
405,WILLIAM HACKMAN
424,WILLIAM HACKMAN
439,WILLIAM HACKMAN
442,WILLIAM HACKMAN
483,WILLIAM HACKMAN
591,WILLIAM HACKMAN
596,WILLIAM HACKMAN
616,WILLIAM HACKMAN
719,WILLIAM HACKMAN
729,WILLIAM HACKMAN
772,WILLIAM HACKMAN
778,WILLIAM HACKMAN
828,WILLIAM HACKMAN
842,WILLIAM HACKMAN
890,WILLIAM HACKMAN
908,WILLIAM HACKMAN
977,WILLIAM HACKMAN
978,WILLIAM HACKMAN
998,WILLIAM HACKMAN
13,JON CHASE
73,JON CHASE
89,JON CHASE
150,JON CHASE
162,JON CHASE
238,JON CHASE
252,JON CHASE
303,JON CHASE
320,JON CHASE
401,JON CHASE
417,JON CHASE
441,JON CHASE
458,JON CHASE
461,JON CHASE
517,JON CHASE
521,JON CHASE
543,JON CHASE
573,JON CHASE
699,JON CHASE
726,JON CHASE
740,JON CHASE
746,JON CHASE
758,JON CHASE
802,JON CHASE
827,JON CHASE
839,JON CHASE
859,JON CHASE
872,JON CHASE
946,JON CHASE
12,GENE MCKELLEN
39,GENE MCKELLEN
52,GENE MCKELLEN
55,GENE MCKELLEN
86,GENE MCKELLEN
175,GENE MCKELLEN
188,GENE MCKELLEN
235,GENE MCKELLEN
237,GENE MCKELLEN
289,GENE MCKELLEN
363,GENE MCKELLEN
401,GENE MCKELLEN
433,GENE MCKELLEN
458,GENE MCKELLEN
522,GENE MCKELLEN
543,GENE MCKELLEN
563,GENE MCKELLEN
649,GENE MCKELLEN
683,GENE MCKELLEN
684,GENE MCKELLEN
726,GENE MCKELLEN
751,GENE MCKELLEN
763,GENE MCKELLEN
764,GENE MCKELLEN
827,GENE MCKELLEN
910,GENE MCKELLEN
956,GENE MCKELLEN
30,LISA MONROE
34,LISA MONROE
109,LISA MONROE
146,LISA MONROE
160,LISA MONROE
164,LISA MONROE
194,LISA MONROE
197,LISA MONROE
273,LISA MONROE
311,LISA MONROE
397,LISA MONROE
483,LISA MONROE
517,LISA MONROE
537,LISA MONROE
587,LISA MONROE
708,LISA MONROE
733,LISA MONROE
744,LISA MONROE
762,LISA MONROE
930,LISA MONROE
974,LISA MONROE
983,LISA MONROE
1000,LISA MONROE
24,ED GUINESS
27,ED GUINESS
65,ED GUINESS
85,ED GUINESS
109,ED GUINESS
131,ED GUINESS
159,ED GUINESS
193,ED GUINESS
250,ED GUINESS
291,ED GUINESS
353,ED GUINESS
415,ED GUINESS
463,ED GUINESS
468,ED GUINESS
489,ED GUINESS
566,ED GUINESS
588,ED GUINESS
650,ED GUINESS
698,ED GUINESS
732,ED GUINESS
737,ED GUINESS
769,ED GUINESS
811,ED GUINESS
817,ED GUINESS
852,ED GUINESS
924,ED GUINESS
931,ED GUINESS
960,ED GUINESS
976,ED GUINESS
12,JEFF SILVERSTONE
33,JEFF SILVERSTONE
144,JEFF SILVERSTONE
195,JEFF SILVERSTONE
258,JEFF SILVERSTONE
441,JEFF SILVERSTONE
506,JEFF SILVERSTONE
561,JEFF SILVERSTONE
609,JEFF SILVERSTONE
622,JEFF SILVERSTONE
628,JEFF SILVERSTONE
657,JEFF SILVERSTONE
724,JEFF SILVERSTONE
729,JEFF SILVERSTONE
732,JEFF SILVERSTONE
777,JEFF SILVERSTONE
809,JEFF SILVERSTONE
811,JEFF SILVERSTONE
820,JEFF SILVERSTONE
824,JEFF SILVERSTONE
847,JEFF SILVERSTONE
869,JEFF SILVERSTONE
874,JEFF SILVERSTONE
955,JEFF SILVERSTONE
963,JEFF SILVERSTONE
5,MATTHEW CARREY
40,MATTHEW CARREY
74,MATTHEW CARREY
78,MATTHEW CARREY
83,MATTHEW CARREY
152,MATTHEW CARREY
195,MATTHEW CARREY
233,MATTHEW CARREY
286,MATTHEW CARREY
301,MATTHEW CARREY
311,MATTHEW CARREY
381,MATTHEW CARREY
387,MATTHEW CARREY
403,MATTHEW CARREY
409,MATTHEW CARREY
420,MATTHEW CARREY
437,MATTHEW CARREY
456,MATTHEW CARREY
507,MATTHEW CARREY
522,MATTHEW CARREY
539,MATTHEW CARREY
542,MATTHEW CARREY
546,MATTHEW CARREY
579,MATTHEW CARREY
596,MATTHEW CARREY
604,MATTHEW CARREY
609,MATTHEW CARREY
625,MATTHEW CARREY
744,MATTHEW CARREY
816,MATTHEW CARREY
836,MATTHEW CARREY
868,MATTHEW CARREY
870,MATTHEW CARREY
874,MATTHEW CARREY
892,MATTHEW CARREY
907,MATTHEW CARREY
911,MATTHEW CARREY
921,MATTHEW CARREY
991,MATTHEW CARREY
33,DEBBIE AKROYD
160,DEBBIE AKROYD
301,DEBBIE AKROYD
324,DEBBIE AKROYD
346,DEBBIE AKROYD
362,DEBBIE AKROYD
391,DEBBIE AKROYD
413,DEBBIE AKROYD
421,DEBBIE AKROYD
437,DEBBIE AKROYD
590,DEBBIE AKROYD
639,DEBBIE AKROYD
668,DEBBIE AKROYD
677,DEBBIE AKROYD
679,DEBBIE AKROYD
695,DEBBIE AKROYD
714,DEBBIE AKROYD
720,DEBBIE AKROYD
819,DEBBIE AKROYD
828,DEBBIE AKROYD
845,DEBBIE AKROYD
864,DEBBIE AKROYD
940,DEBBIE AKROYD
990,DEBBIE AKROYD
32,RUSSELL CLOSE
40,RUSSELL CLOSE
71,RUSSELL CLOSE
113,RUSSELL CLOSE
313,RUSSELL CLOSE
388,RUSSELL CLOSE
389,RUSSELL CLOSE
390,RUSSELL CLOSE
495,RUSSELL CLOSE
520,RUSSELL CLOSE
576,RUSSELL CLOSE
636,RUSSELL CLOSE
715,RUSSELL CLOSE
850,RUSSELL CLOSE
862,RUSSELL CLOSE
914,RUSSELL CLOSE
941,RUSSELL CLOSE
949,RUSSELL CLOSE
983,RUSSELL CLOSE
35,HUMPHREY GARLAND
87,HUMPHREY GARLAND
146,HUMPHREY GARLAND
169,HUMPHREY GARLAND
221,HUMPHREY GARLAND
336,HUMPHREY GARLAND
371,HUMPHREY GARLAND
452,HUMPHREY GARLAND
486,HUMPHREY GARLAND
492,HUMPHREY GARLAND
500,HUMPHREY GARLAND
574,HUMPHREY GARLAND
580,HUMPHREY GARLAND
597,HUMPHREY GARLAND
615,HUMPHREY GARLAND
640,HUMPHREY GARLAND
642,HUMPHREY GARLAND
650,HUMPHREY GARLAND
661,HUMPHREY GARLAND
684,HUMPHREY GARLAND
745,HUMPHREY GARLAND
772,HUMPHREY GARLAND
787,HUMPHREY GARLAND
867,HUMPHREY GARLAND
959,HUMPHREY GARLAND
966,HUMPHREY GARLAND
967,HUMPHREY GARLAND
969,HUMPHREY GARLAND
985,HUMPHREY GARLAND
7,MICHAEL BOLGER
95,MICHAEL BOLGER
138,MICHAEL BOLGER
265,MICHAEL BOLGER
286,MICHAEL BOLGER
360,MICHAEL BOLGER
411,MICHAEL BOLGER
427,MICHAEL BOLGER
437,MICHAEL BOLGER
448,MICHAEL BOLGER
494,MICHAEL BOLGER
510,MICHAEL BOLGER
518,MICHAEL BOLGER
554,MICHAEL BOLGER
560,MICHAEL BOLGER
571,MICHAEL BOLGER
584,MICHAEL BOLGER
631,MICHAEL BOLGER
665,MICHAEL BOLGER
694,MICHAEL BOLGER
730,MICHAEL BOLGER
761,MICHAEL BOLGER
818,MICHAEL BOLGER
845,MICHAEL BOLGER
880,MICHAEL BOLGER
882,MICHAEL BOLGER
919,MICHAEL BOLGER
920,MICHAEL BOLGER
965,MICHAEL BOLGER
973,MICHAEL BOLGER
95,JULIA ZELLWEGER
187,JULIA ZELLWEGER
208,JULIA ZELLWEGER
228,JULIA ZELLWEGER
237,JULIA ZELLWEGER
422,JULIA ZELLWEGER
482,JULIA ZELLWEGER
508,JULIA ZELLWEGER
552,JULIA ZELLWEGER
579,JULIA ZELLWEGER
637,JULIA ZELLWEGER
648,JULIA ZELLWEGER
654,JULIA ZELLWEGER
729,JULIA ZELLWEGER
983,JULIA ZELLWEGER
994,JULIA ZELLWEGER
17,RENEE BALL
25,RENEE BALL
29,RENEE BALL
51,RENEE BALL
73,RENEE BALL
76,RENEE BALL
98,RENEE BALL
110,RENEE BALL
127,RENEE BALL
168,RENEE BALL
222,RENEE BALL
224,RENEE BALL
297,RENEE BALL
354,RENEE BALL
379,RENEE BALL
417,RENEE BALL
435,RENEE BALL
441,RENEE BALL
474,RENEE BALL
499,RENEE BALL
538,RENEE BALL
548,RENEE BALL
561,RENEE BALL
617,RENEE BALL
625,RENEE BALL
664,RENEE BALL
671,RENEE BALL
768,RENEE BALL
779,RENEE BALL
906,RENEE BALL
914,RENEE BALL
923,RENEE BALL
976,RENEE BALL
1,ROCK DUKAKIS
10,ROCK DUKAKIS
14,ROCK DUKAKIS
51,ROCK DUKAKIS
102,ROCK DUKAKIS
111,ROCK DUKAKIS
146,ROCK DUKAKIS
206,ROCK DUKAKIS
223,ROCK DUKAKIS
289,ROCK DUKAKIS
311,ROCK DUKAKIS
322,ROCK DUKAKIS
338,ROCK DUKAKIS
396,ROCK DUKAKIS
412,ROCK DUKAKIS
506,ROCK DUKAKIS
517,ROCK DUKAKIS
529,ROCK DUKAKIS
566,ROCK DUKAKIS
593,ROCK DUKAKIS
606,ROCK DUKAKIS
662,ROCK DUKAKIS
770,ROCK DUKAKIS
773,ROCK DUKAKIS
774,ROCK DUKAKIS
815,ROCK DUKAKIS
849,ROCK DUKAKIS
925,ROCK DUKAKIS
988,ROCK DUKAKIS
989,ROCK DUKAKIS
43,CUBA BIRCH
82,CUBA BIRCH
171,CUBA BIRCH
266,CUBA BIRCH
272,CUBA BIRCH
315,CUBA BIRCH
378,CUBA BIRCH
492,CUBA BIRCH
509,CUBA BIRCH
512,CUBA BIRCH
519,CUBA BIRCH
533,CUBA BIRCH
548,CUBA BIRCH
560,CUBA BIRCH
628,CUBA BIRCH
734,CUBA BIRCH
748,CUBA BIRCH
788,CUBA BIRCH
820,CUBA BIRCH
853,CUBA BIRCH
882,CUBA BIRCH
896,CUBA BIRCH
899,CUBA BIRCH
940,CUBA BIRCH
38,AUDREY BAILEY
54,AUDREY BAILEY
62,AUDREY BAILEY
87,AUDREY BAILEY
173,AUDREY BAILEY
234,AUDREY BAILEY
253,AUDREY BAILEY
278,AUDREY BAILEY
310,AUDREY BAILEY
374,AUDREY BAILEY
411,AUDREY BAILEY
426,AUDREY BAILEY
472,AUDREY BAILEY
549,AUDREY BAILEY
562,AUDREY BAILEY
606,AUDREY BAILEY
623,AUDREY BAILEY
679,AUDREY BAILEY
682,AUDREY BAILEY
693,AUDREY BAILEY
695,AUDREY BAILEY
705,AUDREY BAILEY
708,AUDREY BAILEY
802,AUDREY BAILEY
806,AUDREY BAILEY
874,AUDREY BAILEY
959,AUDREY BAILEY
16,GREGORY GOODING
39,GREGORY GOODING
84,GREGORY GOODING
185,GREGORY GOODING
219,GREGORY GOODING
293,GREGORY GOODING
296,GREGORY GOODING
378,GREGORY GOODING
410,GREGORY GOODING
420,GREGORY GOODING
461,GREGORY GOODING
544,GREGORY GOODING
551,GREGORY GOODING
596,GREGORY GOODING
638,GREGORY GOODING
668,GREGORY GOODING
692,GREGORY GOODING
775,GREGORY GOODING
801,GREGORY GOODING
819,GREGORY GOODING
827,GREGORY GOODING
830,GREGORY GOODING
834,GREGORY GOODING
849,GREGORY GOODING
858,GREGORY GOODING
914,GREGORY GOODING
958,GREGORY GOODING
969,GREGORY GOODING
971,GREGORY GOODING
993,GREGORY GOODING
16,JOHN SUVARI
69,JOHN SUVARI
117,JOHN SUVARI
155,JOHN SUVARI
166,JOHN SUVARI
179,JOHN SUVARI
214,JOHN SUVARI
361,JOHN SUVARI
367,JOHN SUVARI
426,JOHN SUVARI
465,JOHN SUVARI
470,JOHN SUVARI
475,JOHN SUVARI
485,JOHN SUVARI
541,JOHN SUVARI
578,JOHN SUVARI
592,JOHN SUVARI
614,JOHN SUVARI
618,JOHN SUVARI
622,JOHN SUVARI
674,JOHN SUVARI
677,JOHN SUVARI
680,JOHN SUVARI
682,JOHN SUVARI
708,JOHN SUVARI
711,JOHN SUVARI
747,JOHN SUVARI
763,JOHN SUVARI
819,JOHN SUVARI
44,BURT TEMPLE
80,BURT TEMPLE
103,BURT TEMPLE
109,BURT TEMPLE
119,BURT TEMPLE
141,BURT TEMPLE
164,BURT TEMPLE
291,BURT TEMPLE
352,BURT TEMPLE
358,BURT TEMPLE
376,BURT TEMPLE
412,BURT TEMPLE
462,BURT TEMPLE
689,BURT TEMPLE
709,BURT TEMPLE
745,BURT TEMPLE
807,BURT TEMPLE
828,BURT TEMPLE
834,BURT TEMPLE
851,BURT TEMPLE
937,BURT TEMPLE
953,BURT TEMPLE
960,BURT TEMPLE
9,MERYL ALLEN
42,MERYL ALLEN
67,MERYL ALLEN
86,MERYL ALLEN
88,MERYL ALLEN
98,MERYL ALLEN
135,MERYL ALLEN
161,MERYL ALLEN
163,MERYL ALLEN
215,MERYL ALLEN
232,MERYL ALLEN
352,MERYL ALLEN
415,MERYL ALLEN
486,MERYL ALLEN
498,MERYL ALLEN
531,MERYL ALLEN
719,MERYL ALLEN
738,MERYL ALLEN
786,MERYL ALLEN
872,MERYL ALLEN
938,MERYL ALLEN
940,MERYL ALLEN
129,JAYNE SILVERSTONE
130,JAYNE SILVERSTONE
141,JAYNE SILVERSTONE
144,JAYNE SILVERSTONE
298,JAYNE SILVERSTONE
359,JAYNE SILVERSTONE
361,JAYNE SILVERSTONE
392,JAYNE SILVERSTONE
403,JAYNE SILVERSTONE
494,JAYNE SILVERSTONE
520,JAYNE SILVERSTONE
534,JAYNE SILVERSTONE
560,JAYNE SILVERSTONE
592,JAYNE SILVERSTONE
649,JAYNE SILVERSTONE
658,JAYNE SILVERSTONE
673,JAYNE SILVERSTONE
677,JAYNE SILVERSTONE
706,JAYNE SILVERSTONE
738,JAYNE SILVERSTONE
769,JAYNE SILVERSTONE
781,JAYNE SILVERSTONE
794,JAYNE SILVERSTONE
813,JAYNE SILVERSTONE
869,JAYNE SILVERSTONE
885,JAYNE SILVERSTONE
962,JAYNE SILVERSTONE
64,BELA WALKEN
122,BELA WALKEN
156,BELA WALKEN
169,BELA WALKEN
276,BELA WALKEN
284,BELA WALKEN
303,BELA WALKEN
324,BELA WALKEN
423,BELA WALKEN
473,BELA WALKEN
484,BELA WALKEN
515,BELA WALKEN
524,BELA WALKEN
541,BELA WALKEN
560,BELA WALKEN
575,BELA WALKEN
576,BELA WALKEN
587,BELA WALKEN
615,BELA WALKEN
635,BELA WALKEN
684,BELA WALKEN
795,BELA WALKEN
815,BELA WALKEN
833,BELA WALKEN
837,BELA WALKEN
906,BELA WALKEN
908,BELA WALKEN
919,BELA WALKEN
939,BELA WALKEN
972,BELA WALKEN
6,REESE WEST
29,REESE WEST
63,REESE WEST
123,REESE WEST
129,REESE WEST
147,REESE WEST
164,REESE WEST
189,REESE WEST
243,REESE WEST
249,REESE WEST
258,REESE WEST
364,REESE WEST
369,REESE WEST
370,REESE WEST
418,REESE WEST
522,REESE WEST
531,REESE WEST
554,REESE WEST
598,REESE WEST
628,REESE WEST
691,REESE WEST
724,REESE WEST
746,REESE WEST
752,REESE WEST
758,REESE WEST
769,REESE WEST
815,REESE WEST
916,REESE WEST
950,REESE WEST
967,REESE WEST
974,REESE WEST
979,REESE WEST
995,REESE WEST
1,MARY KEITEL
109,MARY KEITEL
125,MARY KEITEL
186,MARY KEITEL
262,MARY KEITEL
264,MARY KEITEL
303,MARY KEITEL
309,MARY KEITEL
311,MARY KEITEL
329,MARY KEITEL
347,MARY KEITEL
379,MARY KEITEL
395,MARY KEITEL
406,MARY KEITEL
450,MARY KEITEL
464,MARY KEITEL
482,MARY KEITEL
499,MARY KEITEL
536,MARY KEITEL
541,MARY KEITEL
545,MARY KEITEL
555,MARY KEITEL
568,MARY KEITEL
570,MARY KEITEL
588,MARY KEITEL
597,MARY KEITEL
628,MARY KEITEL
745,MARY KEITEL
758,MARY KEITEL
796,MARY KEITEL
806,MARY KEITEL
817,MARY KEITEL
843,MARY KEITEL
858,MARY KEITEL
871,MARY KEITEL
886,MARY KEITEL
892,MARY KEITEL
924,MARY KEITEL
952,MARY KEITEL
997,MARY KEITEL
67,JULIA FAWCETT
84,JULIA FAWCETT
145,JULIA FAWCETT
159,JULIA FAWCETT
216,JULIA FAWCETT
432,JULIA FAWCETT
541,JULIA FAWCETT
604,JULIA FAWCETT
640,JULIA FAWCETT
689,JULIA FAWCETT
730,JULIA FAWCETT
784,JULIA FAWCETT
785,JULIA FAWCETT
886,JULIA FAWCETT
953,JULIA FAWCETT
5,THORA TEMPLE
49,THORA TEMPLE
80,THORA TEMPLE
116,THORA TEMPLE
121,THORA TEMPLE
149,THORA TEMPLE
346,THORA TEMPLE
419,THORA TEMPLE
462,THORA TEMPLE
465,THORA TEMPLE
474,THORA TEMPLE
537,THORA TEMPLE
538,THORA TEMPLE
544,THORA TEMPLE
714,THORA TEMPLE
879,THORA TEMPLE
912,THORA TEMPLE
945,THORA TEMPLE
958,THORA TEMPLE
993,THORA TEMPLE
