1,47 MySakila Drive,1,4
1,47 MySakila Drive,4,4
1,47 MySakila Drive,6,3
1,47 MySakila Drive,7,2
1,47 MySakila Drive,9,3
1,47 MySakila Drive,10,4
1,47 MySakila Drive,11,4
1,47 MySakila Drive,12,3
1,47 MySakila Drive,15,2
1,47 MySakila Drive,16,2
1,47 MySakila Drive,17,3
1,47 MySakila Drive,18,3
1,47 MySakila Drive,19,4
1,47 MySakila Drive,20,3
1,47 MySakila Drive,21,2
1,47 MySakila Drive,22,4
1,47 MySakila Drive,23,3
1,47 MySakila Drive,24,4
1,47 MySakila Drive,25,4
1,47 MySakila Drive,26,2
1,47 MySakila Drive,27,4
1,47 MySakila Drive,28,3
1,47 MySakila Drive,29,2
1,47 MySakila Drive,30,2
1,47 MySakila Drive,31,4
1,47 MySakila Drive,35,4
1,47 MySakila Drive,37,4
1,47 MySakila Drive,39,3
1,47 MySakila Drive,43,3
1,47 MySakila Drive,44,2
1,47 MySakila Drive,45,4
1,47 MySakila Drive,48,2
1,47 MySakila Drive,49,3
1,47 MySakila Drive,50,3
1,47 MySakila Drive,51,2
1,47 MySakila Drive,53,2
1,47 MySakila Drive,54,3
1,47 MySakila Drive,55,4
1,47 MySakila Drive,56,3
1,47 MySakila Drive,57,4
1,47 MySakila Drive,59,3
1,47 MySakila Drive,60,3
1,47 MySakila Drive,61,4
1,47 MySakila Drive,63,2
1,47 MySakila Drive,66,3
1,47 MySakila Drive,67,2
1,47 MySakila Drive,68,2
1,47 MySakila Drive,69,4
1,47 MySakila Drive,70,2
1,47 MySakila Drive,72,4
1,47 MySakila Drive,73,4
1,47 MySakila Drive,74,3
1,47 MySakila Drive,76,3
1,47 MySakila Drive,77,4
1,47 MySakila Drive,78,3
1,47 MySakila Drive,79,3
1,47 MySakila Drive,80,4
1,47 MySakila Drive,81,4
1,47 MySakila Drive,82,2
1,47 MySakila Drive,83,3
1,47 MySakila Drive,84,4
1,47 MySakila Drive,86,4
1,47 MySakila Drive,89,3
1,47 MySakila Drive,90,3
1,47 MySakila Drive,91,4
1,47 MySakila Drive,92,2
1,47 MySakila Drive,94,2
1,47 MySakila Drive,95,2
1,47 MySakila Drive,96,3
1,47 MySakila Drive,97,4
1,47 MySakila Drive,98,3
1,47 MySakila Drive,99,3
1,47 MySakila Drive,100,4
1,47 MySakila Drive,101,4
1,47 MySakila Drive,103,4
1,47 MySakila Drive,105,2
1,47 MySakila Drive,106,2
1,47 MySakila Drive,109,4
1,47 MySakila Drive,110,4
1,47 MySakila Drive,112,4
1,47 MySakila Drive,114,4
1,47 MySakila Drive,115,3
1,47 MySakila Drive,116,2
1,47 MySakila Drive,117,4
1,47 MySakila Drive,118,4
1,47 MySakila Drive,119,3
1,47 MySakila Drive,120,3
1,47 MySakila Drive,121,3
1,47 MySakila Drive,122,4
1,47 MySakila Drive,123,2
1,47 MySakila Drive,127,4
1,47 MySakila Drive,129,3
1,47 MySakila Drive,130,2
1,47 MySakila Drive,131,4
1,47 MySakila Drive,132,4
1,47 MySakila Drive,133,2
1,47 MySakila Drive,135,3
1,47 MySakila Drive,136,3
1,47 MySakila Drive,138,2
1,47 MySakila Drive,139,4
1,47 MySakila Drive,140,2
1,47 MySakila Drive,141,3
1,47 MySakila Drive,142,3
1,47 MySakila Drive,143,4
1,47 MySakila Drive,146,3
1,47 MySakila Drive,147,3
1,47 MySakila Drive,149,3
1,47 MySakila Drive,150,2
1,47 MySakila Drive,151,2
1,47 MySakila Drive,152,4
1,47 MySakila Drive,153,4
1,47 MySakila Drive,154,3
1,47 MySakila Drive,155,2
1,47 MySakila Drive,158,2
1,47 MySakila Drive,159,4
1,47 MySakila Drive,160,2
1,47 MySakila Drive,161,2
1,47 MySakila Drive,162,3
1,47 MySakila Drive,164,2
1,47 MySakila Drive,165,3
1,47 MySakila Drive,166,4
1,47 MySakila Drive,167,4
1,47 MySakila Drive,168,2
1,47 MySakila Drive,169,2
1,47 MySakila Drive,170,2
1,47 MySakila Drive,172,4
1,47 MySakila Drive,173,3
1,47 MySakila Drive,174,4
1,47 MySakila Drive,175,2
1,47 MySakila Drive,176,2
1,47 MySakila Drive,178,2
1,47 MySakila Drive,179,4
1,47 MySakila Drive,181,3
1,47 MySakila Drive,182,2
1,47 MySakila Drive,183,3
1,47 MySakila Drive,184,2
1,47 MySakila Drive,185,2
1,47 MySakila Drive,186,2
1,47 MySakila Drive,188,3
1,47 MySakila Drive,189,2
1,47 MySakila Drive,191,3
1,47 MySakila Drive,193,4
1,47 MySakila Drive,194,2
1,47 MySakila Drive,196,2
1,47 MySakila Drive,197,2
1,47 MySakila Drive,199,4
1,47 MySakila Drive,200,4
1,47 MySakila Drive,201,4
1,47 MySakila Drive,202,3
1,47 MySakila Drive,204,4
1,47 MySakila Drive,205,4
1,47 MySakila Drive,206,4
1,47 MySakila Drive,207,4
1,47 MySakila Drive,208,3
1,47 MySakila Drive,209,4
1,47 MySakila Drive,211,2
1,47 MySakila Drive,212,3
1,47 MySakila Drive,213,4
1,47 MySakila Drive,215,3
1,47 MySakila Drive,216,2
1,47 MySakila Drive,218,4
1,47 MySakila Drive,219,4
1,47 MySakila Drive,220,4
1,47 MySakila Drive,222,2
1,47 MySakila Drive,224,2
1,47 MySakila Drive,225,3
1,47 MySakila Drive,226,2
1,47 MySakila Drive,227,3
1,47 MySakila Drive,228,3
1,47 MySakila Drive,229,2
1,47 MySakila Drive,230,2
1,47 MySakila Drive,231,4
1,47 MySakila Drive,232,3
1,47 MySakila Drive,233,4
1,47 MySakila Drive,234,4
1,47 MySakila Drive,235,2
1,47 MySakila Drive,237,2
1,47 MySakila Drive,238,2
1,47 MySakila Drive,239,4
1,47 MySakila Drive,241,4
1,47 MySakila Drive,242,2
1,47 MySakila Drive,243,2
1,47 MySakila Drive,244,4
1,47 MySakila Drive,245,3
1,47 MySakila Drive,247,3
1,47 MySakila Drive,249,2
1,47 MySakila Drive,251,2
1,47 MySakila Drive,252,3
1,47 MySakila Drive,253,4
1,47 MySakila Drive,254,2
1,47 MySakila Drive,255,4
1,47 MySakila Drive,259,2
1,47 MySakila Drive,261,2
1,47 MySakila Drive,263,4
1,47 MySakila Drive,265,4
1,47 MySakila Drive,266,4
1,47 MySakila Drive,267,4
1,47 MySakila Drive,269,2
1,47 MySakila Drive,270,3
1,47 MySakila Drive,271,3
1,47 MySakila Drive,272,4
1,47 MySakila Drive,273,4
1,47 MySakila Drive,274,3
1,47 MySakila Drive,275,3
1,47 MySakila Drive,276,4
1,47 MySakila Drive,277,3
1,47 MySakila Drive,278,2
1,47 MySakila Drive,279,2
1,47 MySakila Drive,280,4
1,47 MySakila Drive,281,2
1,47 MySakila Drive,282,3
1,47 MySakila Drive,283,3
1,47 MySakila Drive,284,3
1,47 MySakila Drive,285,3
1,47 MySakila Drive,286,2
1,47 MySakila Drive,287,2
1,47 MySakila Drive,288,2
1,47 MySakila Drive,289,2
1,47 MySakila Drive,290,3
1,47 MySakila Drive,291,4
1,47 MySakila Drive,292,3
1,47 MySakila Drive,293,2
1,47 MySakila Drive,294,2
1,47 MySakila Drive,295,4
1,47 MySakila Drive,296,4
1,47 MySakila Drive,298,2
1,47 MySakila Drive,299,4
1,47 MySakila Drive,300,2
1,47 MySakila Drive,301,4
1,47 MySakila Drive,302,2
1,47 MySakila Drive,303,4
1,47 MySakila Drive,304,4
1,47 MySakila Drive,305,4
1,47 MySakila Drive,306,3
1,47 MySakila Drive,307,3
1,47 MySakila Drive,308,2
1,47 MySakila Drive,309,2
1,47 MySakila Drive,310,2
1,47 MySakila Drive,311,3
1,47 MySakila Drive,313,4
1,47 MySakila Drive,314,2
1,47 MySakila Drive,317,4
1,47 MySakila Drive,319,3
1,47 MySakila Drive,320,3
1,47 MySakila Drive,321,4
1,47 MySakila Drive,322,4
1,47 MySakila Drive,324,3
1,47 MySakila Drive,326,2
1,47 MySakila Drive,327,4
1,47 MySakila Drive,329,3
1,47 MySakila Drive,330,4
1,47 MySakila Drive,331,4
1,47 MySakila Drive,333,2
1,47 MySakila Drive,334,2
1,47 MySakila Drive,335,2
1,47 MySakila Drive,336,3
1,47 MySakila Drive,337,2
1,47 MySakila Drive,340,2
1,47 MySakila Drive,341,4
1,47 MySakila Drive,342,4
1,47 MySakila Drive,343,2
1,47 MySakila Drive,344,3
1,47 MySakila Drive,345,3
1,47 MySakila Drive,346,2
1,47 MySakila Drive,347,4
1,47 MySakila Drive,349,4
1,47 MySakila Drive,350,4
1,47 MySakila Drive,351,3
1,47 MySakila Drive,353,2
1,47 MySakila Drive,354,3
1,47 MySakila Drive,356,4
1,47 MySakila Drive,358,4
1,47 MySakila Drive,360,4
1,47 MySakila Drive,361,4
1,47 MySakila Drive,362,2
1,47 MySakila Drive,363,3
1,47 MySakila Drive,364,3
1,47 MySakila Drive,365,2
1,47 MySakila Drive,366,4
1,47 MySakila Drive,367,4
1,47 MySakila Drive,368,2
1,47 MySakila Drive,369,4
1,47 MySakila Drive,370,3
1,47 MySakila Drive,371,3
1,47 MySakila Drive,372,2
1,47 MySakila Drive,373,3
1,47 MySakila Drive,374,3
1,47 MySakila Drive,375,2
1,47 MySakila Drive,376,4
1,47 MySakila Drive,377,3
1,47 MySakila Drive,378,4
1,47 MySakila Drive,380,2
1,47 MySakila Drive,381,2
1,47 MySakila Drive,382,4
1,47 MySakila Drive,383,3
1,47 MySakila Drive,385,2
1,47 MySakila Drive,387,3
1,47 MySakila Drive,388,3
1,47 MySakila Drive,389,2
1,47 MySakila Drive,390,3
1,47 MySakila Drive,391,4
1,47 MySakila Drive,392,4
1,47 MySakila Drive,393,2
1,47 MySakila Drive,394,4
1,47 MySakila Drive,395,3
1,47 MySakila Drive,397,3
1,47 MySakila Drive,400,2
1,47 MySakila Drive,401,2
1,47 MySakila Drive,402,3
1,47 MySakila Drive,403,4
1,47 MySakila Drive,406,2
1,47 MySakila Drive,407,2
1,47 MySakila Drive,408,4
1,47 MySakila Drive,409,4
1,47 MySakila Drive,410,3
1,47 MySakila Drive,411,2
1,47 MySakila Drive,412,4
1,47 MySakila Drive,413,3
1,47 MySakila Drive,414,3
1,47 MySakila Drive,415,3
1,47 MySakila Drive,416,2
1,47 MySakila Drive,417,4
1,47 MySakila Drive,418,4
1,47 MySakila Drive,420,2
1,47 MySakila Drive,423,2
1,47 MySakila Drive,424,3
1,47 MySakila Drive,427,4
1,47 MySakila Drive,428,4
1,47 MySakila Drive,429,2
1,47 MySakila Drive,432,3
1,47 MySakila Drive,433,4
1,47 MySakila Drive,434,4
1,47 MySakila Drive,435,2
1,47 MySakila Drive,436,3
1,47 MySakila Drive,437,2
1,47 MySakila Drive,438,2
1,47 MySakila Drive,439,4
1,47 MySakila Drive,440,2
1,47 MySakila Drive,441,2
1,47 MySakila Drive,442,3
1,47 MySakila Drive,443,3
1,47 MySakila Drive,444,4
1,47 MySakila Drive,445,3
1,47 MySakila Drive,446,2
1,47 MySakila Drive,447,4
1,47 MySakila Drive,448,2
1,47 MySakila Drive,450,3
1,47 MySakila Drive,451,2
1,47 MySakila Drive,453,3
1,47 MySakila Drive,454,2
1,47 MySakila Drive,455,4
1,47 MySakila Drive,456,2
1,47 MySakila Drive,457,2
1,47 MySakila Drive,458,2
1,47 MySakila Drive,460,4
1,47 MySakila Drive,461,2
1,47 MySakila Drive,462,2
1,47 MySakila Drive,463,3
1,47 MySakila Drive,464,4
1,47 MySakila Drive,465,2
1,47 MySakila Drive,466,2
1,47 MySakila Drive,467,4
1,47 MySakila Drive,468,4
1,47 MySakila Drive,470,2
1,47 MySakila Drive,471,3
1,47 MySakila Drive,473,2
1,47 MySakila Drive,476,3
1,47 MySakila Drive,478,2
1,47 MySakila Drive,479,2
1,47 MySakila Drive,480,2
1,47 MySakila Drive,481,3
1,47 MySakila Drive,482,3
1,47 MySakila Drive,483,3
1,47 MySakila Drive,484,4
1,47 MySakila Drive,486,4
1,47 MySakila Drive,488,2
1,47 MySakila Drive,489,4
1,47 MySakila Drive,490,2
1,47 MySakila Drive,491,2
1,47 MySakila Drive,492,2
1,47 MySakila Drive,494,4
1,47 MySakila Drive,496,2
1,47 MySakila Drive,498,2
1,47 MySakila Drive,499,2
1,47 MySakila Drive,500,4
1,47 MySakila Drive,501,3
1,47 MySakila Drive,502,4
1,47 MySakila Drive,503,3
1,47 MySakila Drive,504,4
1,47 MySakila Drive,506,4
1,47 MySakila Drive,510,4
1,47 MySakila Drive,511,2
1,47 MySakila Drive,512,2
1,47 MySakila Drive,514,2
1,47 MySakila Drive,518,2
1,47 MySakila Drive,520,2
1,47 MySakila Drive,521,4
1,47 MySakila Drive,523,2
1,47 MySakila Drive,524,2
1,47 MySakila Drive,525,4
1,47 MySakila Drive,527,2
1,47 MySakila Drive,528,3
1,47 MySakila Drive,529,4
1,47 MySakila Drive,530,3
1,47 MySakila Drive,531,4
1,47 MySakila Drive,533,3
1,47 MySakila Drive,534,2
1,47 MySakila Drive,535,4
1,47 MySakila Drive,536,3
1,47 MySakila Drive,539,2
1,47 MySakila Drive,540,3
1,47 MySakila Drive,542,4
1,47 MySakila Drive,543,2
1,47 MySakila Drive,544,2
1,47 MySakila Drive,545,4
1,47 MySakila Drive,548,2
1,47 MySakila Drive,549,2
1,47 MySakila Drive,550,3
1,47 MySakila Drive,551,3
1,47 MySakila Drive,554,4
1,47 MySakila Drive,555,3
1,47 MySakila Drive,556,3
1,47 MySakila Drive,557,2
1,47 MySakila Drive,559,4
1,47 MySakila Drive,560,3
1,47 MySakila Drive,561,4
1,47 MySakila Drive,562,4
1,47 MySakila Drive,563,4
1,47 MySakila Drive,565,2
1,47 MySakila Drive,566,2
1,47 MySakila Drive,567,2
1,47 MySakila Drive,568,2
1,47 MySakila Drive,569,2
1,47 MySakila Drive,570,2
1,47 MySakila Drive,571,2
1,47 MySakila Drive,572,4
1,47 MySakila Drive,573,4
1,47 MySakila Drive,574,2
1,47 MySakila Drive,575,2
1,47 MySakila Drive,577,3
1,47 MySakila Drive,578,2
1,47 MySakila Drive,579,4
1,47 MySakila Drive,580,4
1,47 MySakila Drive,581,3
1,47 MySakila Drive,583,3
1,47 MySakila Drive,584,2
1,47 MySakila Drive,586,4
1,47 MySakila Drive,587,3
1,47 MySakila Drive,590,3
1,47 MySakila Drive,592,2
1,47 MySakila Drive,594,3
1,47 MySakila Drive,595,4
1,47 MySakila Drive,596,2
1,47 MySakila Drive,598,4
1,47 MySakila Drive,599,3
1,47 MySakila Drive,600,2
1,47 MySakila Drive,601,3
1,47 MySakila Drive,602,2
1,47 MySakila Drive,603,4
1,47 MySakila Drive,606,2
1,47 MySakila Drive,608,2
1,47 MySakila Drive,609,4
1,47 MySakila Drive,610,2
1,47 MySakila Drive,611,4
1,47 MySakila Drive,613,2
1,47 MySakila Drive,614,3
1,47 MySakila Drive,616,2
1,47 MySakila Drive,617,3
1,47 MySakila Drive,619,2
1,47 MySakila Drive,620,2
1,47 MySakila Drive,621,4
1,47 MySakila Drive,623,2
1,47 MySakila Drive,624,3
1,47 MySakila Drive,625,3
1,47 MySakila Drive,628,3
1,47 MySakila Drive,631,3
1,47 MySakila Drive,632,3
1,47 MySakila Drive,636,3
1,47 MySakila Drive,637,2
1,47 MySakila Drive,638,4
1,47 MySakila Drive,641,3
1,47 MySakila Drive,643,3
1,47 MySakila Drive,644,3
1,47 MySakila Drive,645,3
1,47 MySakila Drive,646,3
1,47 MySakila Drive,647,3
1,47 MySakila Drive,648,4
1,47 MySakila Drive,649,2
1,47 MySakila Drive,650,2
1,47 MySakila Drive,651,2
1,47 MySakila Drive,652,4
1,47 MySakila Drive,653,2
1,47 MySakila Drive,654,2
1,47 MySakila Drive,655,3
1,47 MySakila Drive,657,4
1,47 MySakila Drive,660,2
1,47 MySakila Drive,661,4
1,47 MySakila Drive,662,2
1,47 MySakila Drive,663,3
1,47 MySakila Drive,664,2
1,47 MySakila Drive,665,4
1,47 MySakila Drive,666,3
1,47 MySakila Drive,667,2
1,47 MySakila Drive,668,2
1,47 MySakila Drive,670,4
1,47 MySakila Drive,672,2
1,47 MySakila Drive,673,2
1,47 MySakila Drive,674,3
1,47 MySakila Drive,675,2
1,47 MySakila Drive,676,2
1,47 MySakila Drive,677,3
1,47 MySakila Drive,678,4
1,47 MySakila Drive,679,2
1,47 MySakila Drive,680,2
1,47 MySakila Drive,681,3
1,47 MySakila Drive,682,3
1,47 MySakila Drive,683,4
1,47 MySakila Drive,686,4
1,47 MySakila Drive,687,3
1,47 MySakila Drive,689,4
1,47 MySakila Drive,690,4
1,47 MySakila Drive,691,3
1,47 MySakila Drive,693,2
1,47 MySakila Drive,694,4
1,47 MySakila Drive,695,2
1,47 MySakila Drive,696,2
1,47 MySakila Drive,697,4
1,47 MySakila Drive,698,4
1,47 MySakila Drive,699,2
1,47 MySakila Drive,702,4
1,47 MySakila Drive,704,2
1,47 MySakila Drive,705,4
1,47 MySakila Drive,706,2
1,47 MySakila Drive,707,2
1,47 MySakila Drive,708,2
1,47 MySakila Drive,709,2
1,47 MySakila Drive,710,4
1,47 MySakila Drive,715,4
1,47 MySakila Drive,716,2
1,47 MySakila Drive,717,2
1,47 MySakila Drive,719,2
1,47 MySakila Drive,720,3
1,47 MySakila Drive,721,2
1,47 MySakila Drive,722,2
1,47 MySakila Drive,723,4
1,47 MySakila Drive,724,2
1,47 MySakila Drive,725,3
1,47 MySakila Drive,727,2
1,47 MySakila Drive,728,3
1,47 MySakila Drive,730,4
1,47 MySakila Drive,732,4
1,47 MySakila Drive,733,4
1,47 MySakila Drive,734,2
1,47 MySakila Drive,735,3
1,47 MySakila Drive,736,4
1,47 MySakila Drive,737,2
1,47 MySakila Drive,738,4
1,47 MySakila Drive,739,2
1,47 MySakila Drive,741,4
1,47 MySakila Drive,743,2
1,47 MySakila Drive,744,2
1,47 MySakila Drive,745,4
1,47 MySakila Drive,746,2
1,47 MySakila Drive,747,2
1,47 MySakila Drive,748,4
1,47 MySakila Drive,749,2
1,47 MySakila Drive,750,3
1,47 MySakila Drive,753,4
1,47 MySakila Drive,755,4
1,47 MySakila Drive,757,3
1,47 MySakila Drive,759,2
1,47 MySakila Drive,760,3
1,47 MySakila Drive,763,3
1,47 MySakila Drive,764,4
1,47 MySakila Drive,765,4
1,47 MySakila Drive,766,3
1,47 MySakila Drive,767,4
1,47 MySakila Drive,768,3
1,47 MySakila Drive,771,3
1,47 MySakila Drive,772,4
1,47 MySakila Drive,773,4
1,47 MySakila Drive,774,4
1,47 MySakila Drive,775,3
1,47 MySakila Drive,776,2
1,47 MySakila Drive,777,3
1,47 MySakila Drive,778,4
1,47 MySakila Drive,782,3
1,47 MySakila Drive,783,4
1,47 MySakila Drive,784,3
1,47 MySakila Drive,785,4
1,47 MySakila Drive,786,3
1,47 MySakila Drive,787,3
1,47 MySakila Drive,788,2
1,47 MySakila Drive,789,4
1,47 MySakila Drive,790,4
1,47 MySakila Drive,791,2
1,47 MySakila Drive,793,4
1,47 MySakila Drive,794,2
1,47 MySakila Drive,795,4
1,47 MySakila Drive,796,2
1,47 MySakila Drive,797,2
1,47 MySakila Drive,798,2
1,47 MySakila Drive,799,2
1,47 MySakila Drive,800,2
1,47 MySakila Drive,803,4
1,47 MySakila Drive,804,4
1,47 MySakila Drive,805,2
1,47 MySakila Drive,806,3
1,47 MySakila Drive,807,3
1,47 MySakila Drive,810,4
1,47 MySakila Drive,811,3
1,47 MySakila Drive,812,3
1,47 MySakila Drive,814,3
1,47 MySakila Drive,815,3
1,47 MySakila Drive,816,4
1,47 MySakila Drive,817,2
1,47 MySakila Drive,818,3
1,47 MySakila Drive,819,3
1,47 MySakila Drive,820,4
1,47 MySakila Drive,823,3
1,47 MySakila Drive,825,3
1,47 MySakila Drive,827,2
1,47 MySakila Drive,829,2
1,47 MySakila Drive,831,3
1,47 MySakila Drive,832,4
1,47 MySakila Drive,833,3
1,47 MySakila Drive,835,4
1,47 MySakila Drive,836,3
1,47 MySakila Drive,838,2
1,47 MySakila Drive,840,4
1,47 MySakila Drive,841,3
1,47 MySakila Drive,842,2
1,47 MySakila Drive,843,4
1,47 MySakila Drive,844,2
1,47 MySakila Drive,845,4
1,47 MySakila Drive,846,4
1,47 MySakila Drive,848,3
1,47 MySakila Drive,849,4
1,47 MySakila Drive,850,3
1,47 MySakila Drive,851,3
1,47 MySakila Drive,852,4
1,47 MySakila Drive,853,3
1,47 MySakila Drive,855,2
1,47 MySakila Drive,856,4
1,47 MySakila Drive,857,3
1,47 MySakila Drive,859,3
1,47 MySakila Drive,861,3
1,47 MySakila Drive,862,3
1,47 MySakila Drive,863,4
1,47 MySakila Drive,864,4
1,47 MySakila Drive,865,4
1,47 MySakila Drive,867,4
1,47 MySakila Drive,868,3
1,47 MySakila Drive,869,4
1,47 MySakila Drive,870,4
1,47 MySakila Drive,871,2
1,47 MySakila Drive,873,4
1,47 MySakila Drive,875,3
1,47 MySakila Drive,876,2
1,47 MySakila Drive,877,3
1,47 MySakila Drive,879,4
1,47 MySakila Drive,880,4
1,47 MySakila Drive,882,4
1,47 MySakila Drive,885,2
1,47 MySakila Drive,886,4
1,47 MySakila Drive,887,4
1,47 MySakila Drive,888,4
1,47 MySakila Drive,889,3
1,47 MySakila Drive,890,3
1,47 MySakila Drive,891,3
1,47 MySakila Drive,892,3
1,47 MySakila Drive,893,4
1,47 MySakila Drive,894,3
1,47 MySakila Drive,895,4
1,47 MySakila Drive,896,2
1,47 MySakila Drive,897,4
1,47 MySakila Drive,898,3
1,47 MySakila Drive,899,3
1,47 MySakila Drive,900,2
1,47 MySakila Drive,901,4
1,47 MySakila Drive,902,4
1,47 MySakila Drive,904,2
1,47 MySakila Drive,905,3
1,47 MySakila Drive,906,2
1,47 MySakila Drive,907,4
1,47 MySakila Drive,908,2
1,47 MySakila Drive,911,4
1,47 MySakila Drive,912,3
1,47 MySakila Drive,913,4
1,47 MySakila Drive,914,2
1,47 MySakila Drive,915,4
1,47 MySakila Drive,916,2
1,47 MySakila Drive,917,3
1,47 MySakila Drive,919,4
1,47 MySakila Drive,920,3
1,47 MySakila Drive,921,2
1,47 MySakila Drive,922,3
1,47 MySakila Drive,924,2
1,47 MySakila Drive,925,3
1,47 MySakila Drive,927,4
1,47 MySakila Drive,928,3
1,47 MySakila Drive,929,4
1,47 MySakila Drive,930,3
1,47 MySakila Drive,932,2
1,47 MySakila Drive,933,3
1,47 MySakila Drive,936,2
1,47 MySakila Drive,937,2
1,47 MySakila Drive,938,4
1,47 MySakila Drive,940,3
1,47 MySakila Drive,941,4
1,47 MySakila Drive,942,2
1,47 MySakila Drive,944,2
1,47 MySakila Drive,945,4
1,47 MySakila Drive,947,2
1,47 MySakila Drive,948,2
1,47 MySakila Drive,949,4
1,47 MySakila Drive,951,3
1,47 MySakila Drive,952,3
1,47 MySakila Drive,953,4
1,47 MySakila Drive,956,4
1,47 MySakila Drive,957,3
1,47 MySakila Drive,958,3
1,47 MySakila Drive,959,2
1,47 MySakila Drive,961,3
1,47 MySakila Drive,962,4
1,47 MySakila Drive,963,2
1,47 MySakila Drive,964,3
1,47 MySakila Drive,965,2
1,47 MySakila Drive,966,2
1,47 MySakila Drive,967,3
1,47 MySakila Drive,968,3
1,47 MySakila Drive,969,4
1,47 MySakila Drive,970,3
1,47 MySakila Drive,971,4
1,47 MySakila Drive,972,3
1,47 MySakila Drive,973,4
1,47 MySakila Drive,974,2
1,47 MySakila Drive,975,2
1,47 MySakila Drive,976,2
1,47 MySakila Drive,978,3
1,47 MySakila Drive,979,4
1,47 MySakila Drive,980,3
1,47 MySakila Drive,981,3
1,47 MySakila Drive,982,3
1,47 MySakila Drive,983,3
1,47 MySakila Drive,984,2
1,47 MySakila Drive,985,4
1,47 MySakila Drive,986,4
1,47 MySakila Drive,987,2
1,47 MySakila Drive,988,3
1,47 MySakila Drive,989,4
1,47 MySakila Drive,991,2
1,47 MySakila Drive,993,4
1,47 MySakila Drive,994,3
1,47 MySakila Drive,995,4
1,47 MySakila Drive,996,2
1,47 MySakila Drive,997,2
1,47 MySakila Drive,999,2
1,47 MySakila Drive,1000,4
2,28 MySQL Boulevard,1,4
2,28 MySQL Boulevard,2,3
2,28 MySQL Boulevard,3,4
2,28 MySQL Boulevard,4,3
2,28 MySQL Boulevard,5,3
2,28 MySQL Boulevard,6,3
2,28 MySQL Boulevard,7,3
2,28 MySQL Boulevard,8,4
2,28 MySQL Boulevard,9,2
2,28 MySQL Boulevard,10,3
2,28 MySQL Boulevard,11,3
2,28 MySQL Boulevard,12,4
2,28 MySQL Boulevard,13,4
2,28 MySQL Boulevard,15,4
2,28 MySQL Boulevard,16,2
2,28 MySQL Boulevard,17,3
2,28 MySQL Boulevard,18,3
2,28 MySQL Boulevard,19,2
2,28 MySQL Boulevard,21,4
2,28 MySQL Boulevard,22,3
2,28 MySQL Boulevard,23,2
2,28 MySQL Boulevard,25,2
2,28 MySQL Boulevard,26,3
2,28 MySQL Boulevard,31,4
2,28 MySQL Boulevard,32,2
2,28 MySQL Boulevard,34,4
2,28 MySQL Boulevard,35,3
2,28 MySQL Boulevard,37,3
2,28 MySQL Boulevard,39,4
2,28 MySQL Boulevard,40,4
2,28 MySQL Boulevard,42,4
2,28 MySQL Boulevard,43,4
2,28 MySQL Boulevard,44,3
2,28 MySQL Boulevard,45,2
2,28 MySQL Boulevard,46,3
2,28 MySQL Boulevard,47,2
2,28 MySQL Boulevard,48,2
2,28 MySQL Boulevard,49,3
2,28 MySQL Boulevard,50,2
2,28 MySQL Boulevard,51,4
2,28 MySQL Boulevard,52,2
2,28 MySQL Boulevard,54,2
2,28 MySQL Boulevard,55,2
2,28 MySQL Boulevard,56,2
2,28 MySQL Boulevard,57,3
2,28 MySQL Boulevard,58,4
2,28 MySQL Boulevard,59,2
2,28 MySQL Boulevard,61,2
2,28 MySQL Boulevard,62,2
2,28 MySQL Boulevard,63,2
2,28 MySQL Boulevard,64,3
2,28 MySQL Boulevard,65,4
2,28 MySQL Boulevard,67,4
2,28 MySQL Boulevard,68,2
2,28 MySQL Boulevard,69,4
2,28 MySQL Boulevard,70,2
2,28 MySQL Boulevard,71,4
2,28 MySQL Boulevard,72,2
2,28 MySQL Boulevard,73,4
2,28 MySQL Boulevard,74,2
2,28 MySQL Boulevard,75,3
2,28 MySQL Boulevard,77,2
2,28 MySQL Boulevard,78,4
2,28 MySQL Boulevard,79,3
2,28 MySQL Boulevard,83,2
2,28 MySQL Boulevard,85,4
2,28 MySQL Boulevard,86,4
2,28 MySQL Boulevard,88,4
2,28 MySQL Boulevard,89,3
2,28 MySQL Boulevard,90,3
2,28 MySQL Boulevard,91,4
2,28 MySQL Boulevard,92,2
2,28 MySQL Boulevard,93,3
2,28 MySQL Boulevard,95,3
2,28 MySQL Boulevard,97,2
2,28 MySQL Boulevard,99,3
2,28 MySQL Boulevard,100,2
2,28 MySQL Boulevard,101,2
2,28 MySQL Boulevard,102,2
2,28 MySQL Boulevard,103,4
2,28 MySQL Boulevard,104,3
2,28 MySQL Boulevard,105,3
2,28 MySQL Boulevard,107,2
2,28 MySQL Boulevard,109,4
2,28 MySQL Boulevard,111,4
2,28 MySQL Boulevard,112,3
2,28 MySQL Boulevard,113,4
2,28 MySQL Boulevard,114,3
2,28 MySQL Boulevard,115,4
2,28 MySQL Boulevard,116,4
2,28 MySQL Boulevard,117,2
2,28 MySQL Boulevard,118,2
2,28 MySQL Boulevard,119,4
2,28 MySQL Boulevard,121,3
2,28 MySQL Boulevard,122,3
2,28 MySQL Boulevard,123,3
2,28 MySQL Boulevard,124,3
2,28 MySQL Boulevard,125,2
2,28 MySQL Boulevard,126,3
2,28 MySQL Boulevard,127,4
2,28 MySQL Boulevard,129,3
2,28 MySQL Boulevard,130,4
2,28 MySQL Boulevard,131,2
2,28 MySQL Boulevard,132,2
2,28 MySQL Boulevard,133,2
2,28 MySQL Boulevard,134,3
2,28 MySQL Boulevard,135,4
2,28 MySQL Boulevard,137,4
2,28 MySQL Boulevard,138,3
2,28 MySQL Boulevard,139,2
2,28 MySQL Boulevard,140,3
2,28 MySQL Boulevard,141,2
2,28 MySQL Boulevard,142,2
2,28 MySQL Boulevard,143,3
2,28 MySQL Boulevard,145,3
2,28 MySQL Boulevard,147,3
2,28 MySQL Boulevard,149,3
2,28 MySQL Boulevard,150,4
2,28 MySQL Boulevard,151,2
2,28 MySQL Boulevard,154,4
2,28 MySQL Boulevard,155,3
2,28 MySQL Boulevard,156,2
2,28 MySQL Boulevard,157,3
2,28 MySQL Boulevard,158,3
2,28 MySQL Boulevard,159,3
2,28 MySQL Boulevard,160,3
2,28 MySQL Boulevard,162,4
2,28 MySQL Boulevard,163,3
2,28 MySQL Boulevard,164,3
2,28 MySQL Boulevard,165,2
2,28 MySQL Boulevard,166,2
2,28 MySQL Boulevard,167,3
2,28 MySQL Boulevard,169,2
2,28 MySQL Boulevard,170,4
2,28 MySQL Boulevard,172,3
2,28 MySQL Boulevard,173,2
2,28 MySQL Boulevard,174,4
2,28 MySQL Boulevard,175,3
2,28 MySQL Boulevard,176,4
2,28 MySQL Boulevard,177,3
2,28 MySQL Boulevard,180,2
2,28 MySQL Boulevard,181,4
2,28 MySQL Boulevard,183,3
2,28 MySQL Boulevard,184,3
2,28 MySQL Boulevard,186,2
2,28 MySQL Boulevard,187,3
2,28 MySQL Boulevard,189,4
2,28 MySQL Boulevard,190,4
2,28 MySQL Boulevard,191,3
2,28 MySQL Boulevard,193,4
2,28 MySQL Boulevard,194,2
2,28 MySQL Boulevard,199,4
2,28 MySQL Boulevard,200,4
2,28 MySQL Boulevard,203,4
2,28 MySQL Boulevard,204,2
2,28 MySQL Boulevard,206,4
2,28 MySQL Boulevard,210,3
2,28 MySQL Boulevard,212,2
2,28 MySQL Boulevard,214,4
2,28 MySQL Boulevard,215,3
2,28 MySQL Boulevard,216,3
2,28 MySQL Boulevard,218,3
2,28 MySQL Boulevard,220,4
2,28 MySQL Boulevard,222,4
2,28 MySQL Boulevard,223,2
2,28 MySQL Boulevard,226,3
2,28 MySQL Boulevard,227,2
2,28 MySQL Boulevard,228,4
2,28 MySQL Boulevard,229,2
2,28 MySQL Boulevard,231,4
2,28 MySQL Boulevard,232,2
2,28 MySQL Boulevard,233,2
2,28 MySQL Boulevard,234,3
2,28 MySQL Boulevard,235,4
2,28 MySQL Boulevard,236,4
2,28 MySQL Boulevard,239,4
2,28 MySQL Boulevard,240,3
2,28 MySQL Boulevard,242,3
2,28 MySQL Boulevard,243,4
2,28 MySQL Boulevard,244,3
2,28 MySQL Boulevard,245,4
2,28 MySQL Boulevard,246,3
2,28 MySQL Boulevard,247,4
2,28 MySQL Boulevard,248,2
2,28 MySQL Boulevard,249,4
2,28 MySQL Boulevard,250,4
2,28 MySQL Boulevard,251,3
2,28 MySQL Boulevard,252,3
2,28 MySQL Boulevard,253,2
2,28 MySQL Boulevard,254,3
2,28 MySQL Boulevard,255,2
2,28 MySQL Boulevard,256,3
2,28 MySQL Boulevard,257,3
2,28 MySQL Boulevard,258,4
2,28 MySQL Boulevard,260,4
2,28 MySQL Boulevard,262,2
2,28 MySQL Boulevard,263,3
2,28 MySQL Boulevard,264,2
2,28 MySQL Boulevard,266,4
2,28 MySQL Boulevard,267,2
2,28 MySQL Boulevard,268,2
2,28 MySQL Boulevard,269,4
2,28 MySQL Boulevard,270,4
2,28 MySQL Boulevard,271,2
2,28 MySQL Boulevard,273,3
2,28 MySQL Boulevard,274,4
2,28 MySQL Boulevard,275,2
2,28 MySQL Boulevard,280,2
2,28 MySQL Boulevard,281,4
2,28 MySQL Boulevard,282,3
2,28 MySQL Boulevard,284,4
2,28 MySQL Boulevard,285,4
2,28 MySQL Boulevard,286,3
2,28 MySQL Boulevard,287,2
2,28 MySQL Boulevard,288,4
2,28 MySQL Boulevard,292,3
2,28 MySQL Boulevard,293,3
2,28 MySQL Boulevard,294,3
2,28 MySQL Boulevard,295,4
2,28 MySQL Boulevard,297,2
2,28 MySQL Boulevard,298,3
2,28 MySQL Boulevard,300,4
2,28 MySQL Boulevard,301,4
2,28 MySQL Boulevard,302,4
2,28 MySQL Boulevard,303,2
2,28 MySQL Boulevard,304,2
2,28 MySQL Boulevard,305,3
2,28 MySQL Boulevard,307,3
2,28 MySQL Boulevard,308,2
2,28 MySQL Boulevard,309,4
2,28 MySQL Boulevard,311,4
2,28 MySQL Boulevard,312,3
2,28 MySQL Boulevard,313,2
2,28 MySQL Boulevard,314,4
2,28 MySQL Boulevard,315,3
2,28 MySQL Boulevard,316,2
2,28 MySQL Boulevard,317,3
2,28 MySQL Boulevard,319,4
2,28 MySQL Boulevard,320,4
2,28 MySQL Boulevard,322,2
2,28 MySQL Boulevard,323,4
2,28 MySQL Boulevard,324,2
2,28 MySQL Boulevard,326,4
2,28 MySQL Boulevard,327,2
2,28 MySQL Boulevard,328,4
2,28 MySQL Boulevard,329,3
2,28 MySQL Boulevard,330,3
2,28 MySQL Boulevard,331,4
2,28 MySQL Boulevard,333,2
2,28 MySQL Boulevard,334,4
2,28 MySQL Boulevard,336,2
2,28 MySQL Boulevard,337,2
2,28 MySQL Boulevard,338,3
2,28 MySQL Boulevard,339,3
2,28 MySQL Boulevard,341,4
2,28 MySQL Boulevard,344,2
2,28 MySQL Boulevard,345,2
2,28 MySQL Boulevard,346,4
2,28 MySQL Boulevard,348,4
2,28 MySQL Boulevard,349,3
2,28 MySQL Boulevard,350,4
2,28 MySQL Boulevard,351,3
2,28 MySQL Boulevard,352,4
2,28 MySQL Boulevard,353,4
2,28 MySQL Boulevard,354,2
2,28 MySQL Boulevard,355,2
2,28 MySQL Boulevard,356,4
2,28 MySQL Boulevard,357,4
2,28 MySQL Boulevard,358,4
2,28 MySQL Boulevard,361,4
2,28 MySQL Boulevard,363,3
2,28 MySQL Boulevard,365,2
2,28 MySQL Boulevard,366,3
2,28 MySQL Boulevard,367,3
2,28 MySQL Boulevard,369,4
2,28 MySQL Boulevard,370,2
2,28 MySQL Boulevard,373,2
2,28 MySQL Boulevard,374,4
2,28 MySQL Boulevard,376,3
2,28 MySQL Boulevard,377,3
2,28 MySQL Boulevard,378,4
2,28 MySQL Boulevard,379,4
2,28 MySQL Boulevard,380,3
2,28 MySQL Boulevard,381,3
2,28 MySQL Boulevard,382,4
2,28 MySQL Boulevard,383,2
2,28 MySQL Boulevard,384,3
2,28 MySQL Boulevard,385,3
2,28 MySQL Boulevard,387,3
2,28 MySQL Boulevard,388,3
2,28 MySQL Boulevard,389,2
2,28 MySQL Boulevard,391,3
2,28 MySQL Boulevard,392,2
2,28 MySQL Boulevard,395,3
2,28 MySQL Boulevard,396,4
2,28 MySQL Boulevard,397,4
2,28 MySQL Boulevard,398,4
2,28 MySQL Boulevard,399,2
2,28 MySQL Boulevard,402,3
2,28 MySQL Boulevard,403,4
2,28 MySQL Boulevard,405,2
2,28 MySQL Boulevard,406,4
2,28 MySQL Boulevard,408,3
2,28 MySQL Boulevard,409,3
2,28 MySQL Boulevard,410,2
2,28 MySQL Boulevard,412,4
2,28 MySQL Boulevard,414,3
2,28 MySQL Boulevard,415,3
2,28 MySQL Boulevard,416,4
2,28 MySQL Boulevard,417,2
2,28 MySQL Boulevard,418,4
2,28 MySQL Boulevard,420,3
2,28 MySQL Boulevard,421,4
2,28 MySQL Boulevard,422,2
2,28 MySQL Boulevard,423,2
2,28 MySQL Boulevard,424,2
2,28 MySQL Boulevard,425,2
2,28 MySQL Boulevard,426,3
2,28 MySQL Boulevard,428,2
2,28 MySQL Boulevard,429,4
2,28 MySQL Boulevard,430,4
2,28 MySQL Boulevard,431,3
2,28 MySQL Boulevard,432,2
2,28 MySQL Boulevard,433,2
2,28 MySQL Boulevard,434,4
2,28 MySQL Boulevard,436,3
2,28 MySQL Boulevard,437,4
2,28 MySQL Boulevard,438,3
2,28 MySQL Boulevard,439,2
2,28 MySQL Boulevard,440,2
2,28 MySQL Boulevard,443,4
2,28 MySQL Boulevard,444,4
2,28 MySQL Boulevard,445,3
2,28 MySQL Boulevard,446,2
2,28 MySQL Boulevard,447,3
2,28 MySQL Boulevard,448,3
2,28 MySQL Boulevard,449,4
2,28 MySQL Boulevard,450,4
2,28 MySQL Boulevard,451,3
2,28 MySQL Boulevard,452,4
2,28 MySQL Boulevard,453,2
2,28 MySQL Boulevard,456,4
2,28 MySQL Boulevard,457,4
2,28 MySQL Boulevard,458,4
2,28 MySQL Boulevard,459,2
2,28 MySQL Boulevard,460,4
2,28 MySQL Boulevard,461,4
2,28 MySQL Boulevard,462,3
2,28 MySQL Boulevard,463,2
2,28 MySQL Boulevard,464,3
2,28 MySQL Boulevard,465,3
2,28 MySQL Boulevard,467,3
2,28 MySQL Boulevard,468,4
2,28 MySQL Boulevard,469,3
2,28 MySQL Boulevard,471,4
2,28 MySQL Boulevard,472,2
2,28 MySQL Boulevard,473,3
2,28 MySQL Boulevard,474,4
2,28 MySQL Boulevard,475,2
2,28 MySQL Boulevard,476,4
2,28 MySQL Boulevard,477,3
2,28 MySQL Boulevard,478,3
2,28 MySQL Boulevard,479,3
2,28 MySQL Boulevard,480,2
2,28 MySQL Boulevard,481,3
2,28 MySQL Boulevard,483,2
2,28 MySQL Boulevard,484,3
2,28 MySQL Boulevard,485,3
2,28 MySQL Boulevard,486,2
2,28 MySQL Boulevard,487,3
2,28 MySQL Boulevard,488,3
2,28 MySQL Boulevard,489,4
2,28 MySQL Boulevard,491,4
2,28 MySQL Boulevard,493,3
2,28 MySQL Boulevard,494,2
2,28 MySQL Boulevard,496,3
2,28 MySQL Boulevard,500,4
2,28 MySQL Boulevard,501,2
2,28 MySQL Boulevard,502,3
2,28 MySQL Boulevard,504,2
2,28 MySQL Boulevard,505,4
2,28 MySQL Boulevard,506,2
2,28 MySQL Boulevard,507,2
2,28 MySQL Boulevard,508,3
2,28 MySQL Boulevard,509,3
2,28 MySQL Boulevard,511,3
2,28 MySQL Boulevard,512,4
2,28 MySQL Boulevard,513,2
2,28 MySQL Boulevard,514,4
2,28 MySQL Boulevard,515,2
2,28 MySQL Boulevard,516,3
2,28 MySQL Boulevard,517,2
2,28 MySQL Boulevard,518,4
2,28 MySQL Boulevard,519,4
2,28 MySQL Boulevard,521,3
2,28 MySQL Boulevard,522,2
2,28 MySQL Boulevard,524,4
2,28 MySQL Boulevard,525,4
2,28 MySQL Boulevard,526,4
2,28 MySQL Boulevard,527,4
2,28 MySQL Boulevard,531,4
2,28 MySQL Boulevard,532,4
2,28 MySQL Boulevard,534,3
2,28 MySQL Boulevard,536,2
2,28 MySQL Boulevard,537,3
2,28 MySQL Boulevard,538,3
2,28 MySQL Boulevard,541,2
2,28 MySQL Boulevard,542,2
2,28 MySQL Boulevard,544,2
2,28 MySQL Boulevard,545,2
2,28 MySQL Boulevard,546,4
2,28 MySQL Boulevard,547,2
2,28 MySQL Boulevard,549,2
2,28 MySQL Boulevard,551,3
2,28 MySQL Boulevard,552,4
2,28 MySQL Boulevard,553,3
2,28 MySQL Boulevard,554,3
2,28 MySQL Boulevard,555,4
2,28 MySQL Boulevard,556,4
2,28 MySQL Boulevard,557,3
2,28 MySQL Boulevard,558,2
2,28 MySQL Boulevard,559,4
2,28 MySQL Boulevard,560,2
2,28 MySQL Boulevard,562,2
2,28 MySQL Boulevard,563,3
2,28 MySQL Boulevard,564,3
2,28 MySQL Boulevard,567,2
2,28 MySQL Boulevard,568,2
2,28 MySQL Boulevard,570,3
2,28 MySQL Boulevard,571,4
2,28 MySQL Boulevard,572,4
2,28 MySQL Boulevard,574,3
2,28 MySQL Boulevard,575,4
2,28 MySQL Boulevard,576,3
2,28 MySQL Boulevard,578,3
2,28 MySQL Boulevard,579,3
2,28 MySQL Boulevard,580,2
2,28 MySQL Boulevard,582,2
2,28 MySQL Boulevard,583,2
2,28 MySQL Boulevard,585,4
2,28 MySQL Boulevard,586,4
2,28 MySQL Boulevard,588,4
2,28 MySQL Boulevard,589,4
2,28 MySQL Boulevard,590,4
2,28 MySQL Boulevard,591,3
2,28 MySQL Boulevard,592,2
2,28 MySQL Boulevard,593,4
2,28 MySQL Boulevard,595,4
2,28 MySQL Boulevard,596,4
2,28 MySQL Boulevard,597,4
2,28 MySQL Boulevard,599,2
2,28 MySQL Boulevard,600,2
2,28 MySQL Boulevard,601,2
2,28 MySQL Boulevard,602,3
2,28 MySQL Boulevard,603,2
2,28 MySQL Boulevard,604,3
2,28 MySQL Boulevard,605,2
2,28 MySQL Boulevard,606,4
2,28 MySQL Boulevard,608,4
2,28 MySQL Boulevard,609,4
2,28 MySQL Boulevard,610,3
2,28 MySQL Boulevard,611,2
2,28 MySQL Boulevard,612,2
2,28 MySQL Boulevard,614,3
2,28 MySQL Boulevard,615,4
2,28 MySQL Boulevard,616,4
2,28 MySQL Boulevard,618,4
2,28 MySQL Boulevard,619,4
2,28 MySQL Boulevard,620,3
2,28 MySQL Boulevard,621,4
2,28 MySQL Boulevard,622,2
2,28 MySQL Boulevard,623,3
2,28 MySQL Boulevard,624,4
2,28 MySQL Boulevard,625,4
2,28 MySQL Boulevard,626,4
2,28 MySQL Boulevard,627,3
2,28 MySQL Boulevard,628,2
2,28 MySQL Boulevard,629,4
2,28 MySQL Boulevard,630,3
2,28 MySQL Boulevard,631,2
2,28 MySQL Boulevard,633,3
2,28 MySQL Boulevard,634,4
2,28 MySQL Boulevard,635,2
2,28 MySQL Boulevard,637,3
2,28 MySQL Boulevard,638,4
2,28 MySQL Boulevard,639,3
2,28 MySQL Boulevard,640,3
2,28 MySQL Boulevard,641,4
2,28 MySQL Boulevard,643,3
2,28 MySQL Boulevard,644,4
2,28 MySQL Boulevard,645,3
2,28 MySQL Boulevard,646,2
2,28 MySQL Boulevard,647,3
2,28 MySQL Boulevard,648,2
2,28 MySQL Boulevard,649,4
2,28 MySQL Boulevard,650,4
2,28 MySQL Boulevard,651,4
2,28 MySQL Boulevard,654,2
2,28 MySQL Boulevard,655,3
2,28 MySQL Boulevard,656,2
2,28 MySQL Boulevard,657,2
2,28 MySQL Boulevard,658,4
2,28 MySQL Boulevard,659,2
2,28 MySQL Boulevard,660,2
2,28 MySQL Boulevard,662,2
2,28 MySQL Boulevard,663,2
2,28 MySQL Boulevard,664,3
2,28 MySQL Boulevard,665,3
2,28 MySQL Boulevard,666,2
2,28 MySQL Boulevard,667,2
2,28 MySQL Boulevard,668,3
2,28 MySQL Boulevard,670,3
2,28 MySQL Boulevard,672,4
2,28 MySQL Boulevard,673,2
2,28 MySQL Boulevard,676,4
2,28 MySQL Boulevard,677,4
2,28 MySQL Boulevard,679,2
2,28 MySQL Boulevard,680,4
2,28 MySQL Boulevard,681,3
2,28 MySQL Boulevard,683,4
2,28 MySQL Boulevard,684,2
2,28 MySQL Boulevard,685,2
2,28 MySQL Boulevard,687,4
2,28 MySQL Boulevard,688,4
2,28 MySQL Boulevard,689,2
2,28 MySQL Boulevard,690,2
2,28 MySQL Boulevard,691,2
2,28 MySQL Boulevard,692,3
2,28 MySQL Boulevard,693,3
2,28 MySQL Boulevard,694,2
2,28 MySQL Boulevard,696,3
2,28 MySQL Boulevard,697,4
2,28 MySQL Boulevard,698,3
2,28 MySQL Boulevard,700,3
2,28 MySQL Boulevard,702,4
2,28 MySQL Boulevard,703,2
2,28 MySQL Boulevard,704,3
2,28 MySQL Boulevard,706,4
2,28 MySQL Boulevard,707,4
2,28 MySQL Boulevard,708,2
2,28 MySQL Boulevard,709,4
2,28 MySQL Boulevard,710,2
2,28 MySQL Boulevard,711,4
2,28 MySQL Boulevard,714,3
2,28 MySQL Boulevard,715,3
2,28 MySQL Boulevard,716,3
2,28 MySQL Boulevard,717,2
2,28 MySQL Boulevard,718,2
2,28 MySQL Boulevard,720,4
2,28 MySQL Boulevard,722,2
2,28 MySQL Boulevard,723,3
2,28 MySQL Boulevard,724,4
2,28 MySQL Boulevard,725,3
2,28 MySQL Boulevard,726,3
2,28 MySQL Boulevard,727,3
2,28 MySQL Boulevard,728,2
2,28 MySQL Boulevard,729,4
2,28 MySQL Boulevard,730,4
2,28 MySQL Boulevard,731,3
2,28 MySQL Boulevard,733,3
2,28 MySQL Boulevard,734,4
2,28 MySQL Boulevard,735,4
2,28 MySQL Boulevard,737,4
2,28 MySQL Boulevard,738,4
2,28 MySQL Boulevard,739,3
2,28 MySQL Boulevard,740,3
2,28 MySQL Boulevard,741,2
2,28 MySQL Boulevard,743,4
2,28 MySQL Boulevard,744,3
2,28 MySQL Boulevard,745,4
2,28 MySQL Boulevard,746,3
2,28 MySQL Boulevard,747,3
2,28 MySQL Boulevard,748,4
2,28 MySQL Boulevard,749,2
2,28 MySQL Boulevard,751,2
2,28 MySQL Boulevard,752,3
2,28 MySQL Boulevard,753,4
2,28 MySQL Boulevard,754,2
2,28 MySQL Boulevard,755,3
2,28 MySQL Boulevard,756,3
2,28 MySQL Boulevard,757,2
2,28 MySQL Boulevard,758,3
2,28 MySQL Boulevard,759,4
2,28 MySQL Boulevard,760,4
2,28 MySQL Boulevard,761,3
2,28 MySQL Boulevard,762,4
2,28 MySQL Boulevard,763,2
2,28 MySQL Boulevard,764,4
2,28 MySQL Boulevard,767,4
2,28 MySQL Boulevard,768,3
2,28 MySQL Boulevard,769,2
2,28 MySQL Boulevard,770,3
2,28 MySQL Boulevard,771,4
2,28 MySQL Boulevard,772,2
2,28 MySQL Boulevard,773,4
2,28 MySQL Boulevard,775,2
2,28 MySQL Boulevard,776,3
2,28 MySQL Boulevard,777,3
2,28 MySQL Boulevard,778,2
2,28 MySQL Boulevard,779,2
2,28 MySQL Boulevard,780,3
2,28 MySQL Boulevard,781,2
2,28 MySQL Boulevard,782,3
2,28 MySQL Boulevard,784,3
2,28 MySQL Boulevard,785,2
2,28 MySQL Boulevard,786,4
2,28 MySQL Boulevard,788,2
2,28 MySQL Boulevard,789,4
2,28 MySQL Boulevard,790,3
2,28 MySQL Boulevard,791,4
2,28 MySQL Boulevard,792,3
2,28 MySQL Boulevard,794,2
2,28 MySQL Boulevard,796,3
2,28 MySQL Boulevard,797,3
2,28 MySQL Boulevard,798,2
2,28 MySQL Boulevard,800,4
2,28 MySQL Boulevard,803,2
2,28 MySQL Boulevard,804,3
2,28 MySQL Boulevard,805,3
2,28 MySQL Boulevard,806,2
2,28 MySQL Boulevard,807,2
2,28 MySQL Boulevard,808,2
2,28 MySQL Boulevard,809,4
2,28 MySQL Boulevard,810,3
2,28 MySQL Boulevard,812,3
2,28 MySQL Boulevard,813,4
2,28 MySQL Boulevard,814,4
2,28 MySQL Boulevard,816,3
2,28 MySQL Boulevard,818,2
2,28 MySQL Boulevard,820,2
2,28 MySQL Boulevard,821,4
2,28 MySQL Boulevard,822,2
2,28 MySQL Boulevard,823,4
2,28 MySQL Boulevard,824,4
2,28 MySQL Boulevard,826,2
2,28 MySQL Boulevard,827,4
2,28 MySQL Boulevard,828,4
2,28 MySQL Boulevard,829,3
2,28 MySQL Boulevard,830,4
2,28 MySQL Boulevard,833,4
2,28 MySQL Boulevard,834,3
2,28 MySQL Boulevard,835,4
2,28 MySQL Boulevard,837,3
2,28 MySQL Boulevard,838,4
2,28 MySQL Boulevard,839,2
2,28 MySQL Boulevard,841,4
2,28 MySQL Boulevard,842,2
2,28 MySQL Boulevard,843,3
2,28 MySQL Boulevard,844,2
2,28 MySQL Boulevard,845,3
2,28 MySQL Boulevard,846,4
2,28 MySQL Boulevard,847,4
2,28 MySQL Boulevard,849,4
2,28 MySQL Boulevard,850,4
2,28 MySQL Boulevard,851,3
2,28 MySQL Boulevard,852,3
2,28 MySQL Boulevard,854,4
2,28 MySQL Boulevard,855,2
2,28 MySQL Boulevard,856,4
2,28 MySQL Boulevard,857,4
2,28 MySQL Boulevard,858,4
2,28 MySQL Boulevard,859,3
2,28 MySQL Boulevard,861,3
2,28 MySQL Boulevard,862,2
2,28 MySQL Boulevard,863,3
2,28 MySQL Boulevard,864,2
2,28 MySQL Boulevard,865,2
2,28 MySQL Boulevard,866,2
2,28 MySQL Boulevard,869,3
2,28 MySQL Boulevard,870,4
2,28 MySQL Boulevard,871,3
2,28 MySQL Boulevard,872,3
2,28 MySQL Boulevard,873,4
2,28 MySQL Boulevard,875,4
2,28 MySQL Boulevard,877,2
2,28 MySQL Boulevard,878,4
2,28 MySQL Boulevard,879,3
2,28 MySQL Boulevard,880,4
2,28 MySQL Boulevard,881,4
2,28 MySQL Boulevard,883,2
2,28 MySQL Boulevard,884,3
2,28 MySQL Boulevard,887,2
2,28 MySQL Boulevard,890,4
2,28 MySQL Boulevard,891,4
2,28 MySQL Boulevard,892,4
2,28 MySQL Boulevard,893,4
2,28 MySQL Boulevard,894,2
2,28 MySQL Boulevard,895,3
2,28 MySQL Boulevard,896,2
2,28 MySQL Boulevard,897,4
2,28 MySQL Boulevard,898,2
2,28 MySQL Boulevard,900,2
2,28 MySQL Boulevard,901,3
2,28 MySQL Boulevard,902,3
2,28 MySQL Boulevard,903,2
2,28 MySQL Boulevard,906,3
2,28 MySQL Boulevard,908,2
2,28 MySQL Boulevard,910,2
2,28 MySQL Boulevard,911,4
2,28 MySQL Boulevard,912,3
2,28 MySQL Boulevard,913,2
2,28 MySQL Boulevard,914,4
2,28 MySQL Boulevard,915,2
2,28 MySQL Boulevard,916,2
2,28 MySQL Boulevard,917,2
2,28 MySQL Boulevard,918,4
2,28 MySQL Boulevard,920,2
2,28 MySQL Boulevard,921,2
2,28 MySQL Boulevard,922,4
2,28 MySQL Boulevard,923,3
2,28 MySQL Boulevard,924,3
2,28 MySQL Boulevard,925,2
2,28 MySQL Boulevard,926,2
2,28 MySQL Boulevard,930,3
2,28 MySQL Boulevard,931,3
2,28 MySQL Boulevard,932,2
2,28 MySQL Boulevard,934,3
2,28 MySQL Boulevard,935,2
2,28 MySQL Boulevard,936,4
2,28 MySQL Boulevard,937,3
2,28 MySQL Boulevard,938,2
2,28 MySQL Boulevard,939,4
2,28 MySQL Boulevard,941,3
2,28 MySQL Boulevard,942,2
2,28 MySQL Boulevard,944,3
2,28 MySQL Boulevard,945,4
2,28 MySQL Boulevard,946,4
2,28 MySQL Boulevard,948,4
2,28 MySQL Boulevard,949,2
2,28 MySQL Boulevard,951,4
2,28 MySQL Boulevard,953,2
2,28 MySQL Boulevard,957,2
2,28 MySQL Boulevard,958,3
2,28 MySQL Boulevard,960,3
2,28 MySQL Boulevard,961,2
2,28 MySQL Boulevard,963,3
2,28 MySQL Boulevard,964,2
2,28 MySQL Boulevard,966,4
2,28 MySQL Boulevard,967,2
2,28 MySQL Boulevard,970,4
2,28 MySQL Boulevard,972,3
2,28 MySQL Boulevard,973,4
2,28 MySQL Boulevard,975,3
2,28 MySQL Boulevard,976,4
2,28 MySQL Boulevard,977,3
2,28 MySQL Boulevard,979,3
2,28 MySQL Boulevard,980,2
2,28 MySQL Boulevard,981,3
2,28 MySQL Boulevard,982,4
2,28 MySQL Boulevard,985,3
2,28 MySQL Boulevard,986,2
2,28 MySQL Boulevard,987,2
2,28 MySQL Boulevard,988,2
2,28 MySQL Boulevard,989,2
2,28 MySQL Boulevard,990,2
2,28 MySQL Boulevard,991,3
2,28 MySQL Boulevard,992,4
2,28 MySQL Boulevard,993,3
2,28 MySQL Boulevard,995,2
2,28 MySQL Boulevard,998,2
2,28 MySQL Boulevard,999,3
2,28 MySQL Boulevard,1000,4
